,id,source,target,length_m,X,Y,name,charging_stations,model_type,number_CS
0,10000,8866570,8863048,3204.746699173358,4.664164301877265,51.84004798596505,"('8866570', '8863048')",,link,
1,10001,8866570,8863131,831.6178353275283,4.670095956949595,51.82571585065565,"('8866570', '8863131')",,link,
2,10002,8863272,8863656,3147.743549842997,4.826482561752311,52.4199541296512,"('8863272', '8863656')",,link,
3,10003,8863272,8861372,31379.45313872912,4.80487355013038,52.519916464388245,"('8863272', '8861372')",,link,
4,10004,8863272,8866747,6263.787724277327,4.865744874903985,52.40675266599365,"('8863272', '8866747')",,link,
5,10005,8863861,8866661,1508.2968389469756,5.61431342209562,52.359205340985554,"('8863861', '8866661')",,link,
6,10006,30986055,8867600,8380.518917153964,5.36523098058491,53.1834194972206,"('30986055', '8867600')",,link,
7,10007,30986055,8865756,2481.139176292334,5.41235034838725,53.17849950966385,"('30986055', '8865756')",,link,
8,10008,8865140,8867500,4548.7114559023,4.599769118999225,51.89577170179895,"('8865140', '8867500')",,link,
9,10009,8865140,8866686,1910.6073697711045,4.624423240273015,51.882727302122355,"('8865140', '8866686')",,link,
10,10010,8865140,8862776,19083.316571074705,4.7026760543878705,51.904077389579605,"('8865140', '8862776')",,link,
11,10011,8863206,8861986,5105.609888398716,4.387270642528085,51.89966876435074,"('8863206', '8861986')",,link,
12,10012,8863206,8861716,4985.745660838811,4.34226285535736,51.89693226794344,"('8863206', '8861716')",,link,
13,10013,11309119,8865119,7485.407449996959,5.34811515264668,51.769058141952954,"('11309119', '8865119')",,link,
14,10014,11309119,11309058,9235.019524774398,5.349925824580655,51.71414914474245,"('11309119', '11309058')",,link,
15,10015,11309119,8862161,8936.924149917042,5.288520369293485,51.740879765330206,"('11309119', '8862161')",,link,
16,10016,8864258,8862801,11536.729731823743,4.30381222864868,51.65016650483605,"('8864258', '8862801')",,link,
17,10017,8864258,8866727,4287.186346464667,4.37121946554408,51.670195071572095,"('8864258', '8866727')",,link,
18,10018,8867240,8866045,810.1520915585847,5.1149456753206,52.06598080447385,"('8867240', '8866045')",,link,
19,10019,8867740,8863818,31794.97078552293,4.972805407413585,51.611639502234304,"('8867740', '8863818')",,link,
20,10020,8867910,8864151,1655.7769099938287,4.96715494547205,51.829730875143795,"('8867910', '8864151')",,link,
21,10021,8867910,8863019,690.3248762319221,4.975721405148805,51.83494896182645,"('8867910', '8863019')",,link,
22,10022,8863306,8864009,651.3288639667403,4.503066163684995,51.91768524328735,"('8863306', '8864009')",,link,
23,10023,8863306,8863710,2075.649596554211,4.492396057102985,51.9133661950382,"('8863306', '8863710')",,link,
24,10024,8862716,8865186,35117.6542642193,4.764482890428191,52.30454522615565,"('8862716', '8865186')",,link,
25,10025,8862716,8863360,14856.774475072614,4.659476950146165,52.16988661257155,"('8862716', '8863360')",,link,
26,10026,8862716,8866306,9864.727392175579,4.600704093781726,52.21999885317446,"('8862716', '8866306')",,link,
27,10027,8863891,8863105,8196.865759687154,3.7785163367817898,51.35669641662195,"('8863891', '8863105')",,link,
28,10028,8863891,8861528,20727.387990750554,3.654935074468515,51.38315549476485,"('8863891', '8861528')",,link,
29,10029,8863891,8867785,7937.402030021543,3.723411904788475,51.3934572588435,"('8863891', '8867785')",,link,
30,10030,11309058,8865990,18936.187403332948,5.450225574685225,51.6454172642877,"('11309058', '8865990')",,link,
31,10031,11309058,8866775,11560.215726589655,5.324145650200795,51.69553028037615,"('11309058', '8866775')",,link,
32,10032,8863048,8866686,4354.183792219704,4.64449894714174,51.863416790395355,"('8863048', '8866686')",,link,
33,10033,8864384,8867515,12312.66212513234,5.00486290431778,52.3839931686271,"('8864384', '8867515')",,link,
34,10034,8864384,8862592,4659.573897961478,4.931344231914215,52.3807439966954,"('8864384', '8862592')",,link,
35,10035,8864384,8865887,12677.00695130395,4.98669176458338,52.34312109366275,"('8864384', '8865887')",,link,
36,10036,8863599,8861292,271.6740797948696,5.888427062335401,51.153966103512346,"('8863599', '8861292')",,link,
37,10037,8866775,8862161,4204.47196236792,5.262740194913626,51.7222609009639,"('8866775', '8862161')",,link,
38,10038,8866465,113,20399.097360646778,4.9345598354149605,52.76246718217895,"('8866465', '113')",,link,
39,10039,8862292,8861986,6758.126730632686,4.413469668715365,51.919184595604094,"('8862292', '8861986')",,link,
40,10040,8862292,8866388,7460.086858748054,4.442274229472795,51.9192952817415,"('8862292', '8866388')",,link,
41,10041,8862292,108,23269.54278251474,4.447723325684895,52.0041632156196,"('8862292', '108')",,link,
42,10042,8862801,8867083,19982.07204534722,4.2388686185458955,51.58046011071936,"('8862801', '8867083')",,link,
43,10043,8862801,105,24266.603004660057,4.191572797611043,51.605149854294424,"('8862801', '105')",,link,
44,10044,8865462,8861681,21676.335695848804,5.843043399317461,53.18331864333315,"('8865462', '8861681')",,link,
45,10045,8865462,123,18681.139324824864,5.669464786617441,53.192083706832,"('8865462', '123')",,link,
46,10046,22638327,8863354,148.81001843146916,5.854103977459134,51.85209955227545,"('22638327', '8863354')",,link,
47,10047,8864111,8862614,5458.713470581143,3.6872550637911448,51.4452347914124,"('8864111', '8862614')",,link,
48,10048,8863742,8867374,2757.739737089771,4.56520353216928,51.9100315058256,"('8863742', '8867374')",,link,
49,10049,8863742,8867500,3010.574501261619,4.567076573139815,51.9040031878656,"('8863742', '8867500')",,link,
50,10050,8863742,8864009,6345.434042802259,4.529788330107969,51.91155238987895,"('8863742', '8864009')",,link,
51,10051,22638404,8860920,17405.0201831585,5.60626727496069,51.8043525637273,"('22638404', '8860920')",,link,
52,10052,22638404,8865600,22323.297714000786,5.770299835624151,51.77522891623675,"('22638404', '8865600')",,link,
53,10053,8867392,8865846,5150.090118295874,5.1017212513663,52.03032040431495,"('8867392', '8865846')",,link,
54,10054,8867392,8861231,1347.594709895256,5.0944630799438695,52.006925111529995,"('8867392', '8861231')",,link,
55,10055,8864553,8865600,15752.141728287595,5.91390123800074,51.72019090108545,"('8864553', '8865600')",,link,
56,10056,8864553,8863114,22472.167086056357,6.02099854062055,51.6147523701944,"('8864553', '8863114')",,link,
57,10057,8864553,22638320,318.6481160065551,5.964697068551989,51.6824505362884,"('8864553', '22638320')",,link,
58,10058,8861716,8865803,3404.805972468202,4.326768204132335,51.880682762367854,"('8861716', '8865803')",,link,
59,10059,8862992,8865869,8013.645657179569,4.00727757826387,51.4701091925662,"('8862992', '8865869')",,link,
60,10060,8862992,105,24266.603004660057,4.068311016676608,51.53796780829147,"('8862992', '105')",,link,
61,10061,8865846,8860732,6342.197653574884,5.09179386066102,52.072615836436654,"('8865846', '8860732')",,link,
62,10062,8865846,8866095,1237.4271420654368,5.1088190157198206,52.04387364634745,"('8865846', '8866095')",,link,
63,10063,8865846,8866045,1756.8508609858898,5.109518640347485,52.0557800697008,"('8865846', '8866045')",,link,
64,10064,8865119,8865735,2754.6360768049108,5.35919165596399,51.797023910873754,"('8865119', '8865735')",,link,
65,10065,8865119,8860920,21738.422412640983,5.45281589713033,51.80316021000795,"('8865119', '8860920')",,link,
66,10066,8868457,8864526,7644.475558713141,5.44100497896196,52.48589856430455,"('8868457', '8864526')",,link,
67,10067,8868457,8861499,9864.474801739514,5.372902501447515,52.5012859153252,"('8868457', '8861499')",,link,
68,10068,8861447,8867600,31559.39263526992,5.236600901101865,53.2559758758656,"('8861447', '8867600')",,link,
69,10069,8861447,8864260,9486.022259566209,5.182085610256995,53.338239199263555,"('8861447', '8864260')",,link,
70,10070,8861447,8865605,9312.218159038304,5.118942901046831,53.30810511363515,"('8861447', '8865605')",,link,
71,10071,8860920,8862570,3637.045729955795,5.53976921305347,51.80363090994625,"('8860920', '8862570')",,link,
72,10072,8866671,8861752,2090.3837105055036,4.66234890700379,52.46848599031835,"('8866671', '8861752')",,link,
73,10073,8863796,8866747,1562.5440565588387,4.894547929894944,52.389459826698904,"('8863796', '8866747')",,link,
74,10074,8863796,8862592,1460.6439182086408,4.90428366444431,52.3815368789814,"('8863796', '8862592')",,link,
75,10075,8863796,8865186,2125.464097906425,4.8913661710525655,52.38594780549665,"('8863796', '8865186')",,link,
76,10076,8865644,8861568,2195.066624197709,4.779183795791155,52.95139464358204,"('8865644', '8861568')",,link,
77,10077,8865644,112,21847.570674122773,4.777987242017263,52.86720599137227,"('8865644', '112')",,link,
78,10078,8861863,8861752,4447.126251963466,4.642423567366885,52.46357970763705,"('8861863', '8861752')",,link,
79,10079,8861863,8865817,4279.454749882435,4.603268309901835,52.46733176109735,"('8861863', '8865817')",,link,
80,10080,8868065,8863614,1826.96746134736,6.936999497692866,53.32671034470725,"('8868065', '8863614')",,link,
81,10081,8868065,124,18512.337071201182,6.916481416110257,53.35461963697655,"('8868065', '124')",,link,
82,10082,8865887,8864837,2899.1081096888047,5.021256608688075,52.2912791230546,"('8865887', '8864837')",,link,
83,10083,8865887,8867046,13500.574631946138,4.96836912964322,52.32285906070805,"('8865887', '8867046')",,link,
84,10084,8865887,8867829,13081.040789248524,5.057590068578855,52.33221537890485,"('8865887', '8867829')",,link,
85,10085,8866137,8862161,13980.310768799009,5.18826312072836,51.73548249380786,"('8866137', '8862161')",,link,
86,10086,8866137,8865387,23039.698710314668,5.06420076747202,51.779161414918455,"('8866137', '8865387')",,link,
87,10087,8866137,8862907,8527.69983478479,5.090381133129226,51.72466159147975,"('8866137', '8862907')",,link,
88,10088,22637863,8860623,92.32237863656498,6.154291710597015,51.39348838186455,"('22637863', '8860623')",,link,
89,10089,8862048,8861752,7261.178649044565,4.691934334411265,52.44735881097285,"('8862048', '8861752')",,link,
90,10090,8862048,8863656,10124.479187427632,4.766976812975255,52.42769678553345,"('8862048', '8863656')",,link,
91,10091,8862048,125,18331.124797753197,4.680430882444098,52.38001710066713,"('8862048', '125')",,link,
92,10092,8864526,8864005,28128.83107822585,5.353219966318685,52.4345774422467,"('8864526', '8864005')",,link,
93,10093,8864526,8862690,7646.1206187269345,5.49599821587999,52.48336874277225,"('8864526', '8862690')",,link,
94,10094,8867489,8862858,3317.5322882847117,3.822197680812565,51.3328678837737,"('8867489', '8862858')",,link,
95,10095,8867489,8861462,4925.477692048235,3.8326072109745652,51.29834006989215,"('8867489', '8861462')",,link,
96,10096,8867489,8863755,2824.9912757553275,3.817862972209605,51.32939139070045,"('8867489', '8863755')",,link,
97,10097,8864737,8863665,22452.089676754964,4.526648808502886,51.818369406246006,"('8864737', '8863665')",,link,
98,10098,8864737,8865803,11931.86907901251,4.38275508454935,51.851827797457254,"('8864737', '8865803')",,link,
99,10099,8863755,8863469,633.7723030695171,3.81363581900077,51.33860886074935,"('8863755', '8863469')",,link,
100,10100,8863755,8863105,766.6858464489444,3.8124323446994097,51.3430022837332,"('8863755', '8863105')",,link,
101,10101,8866512,8860579,15216.961607814945,6.638308079268626,52.30340358026525,"('8866512', '8860579')",,link,
102,10102,8864494,8861611,703.5612088596363,5.465390555616815,52.257545605355205,"('8864494', '8861611')",,link,
103,10103,8863596,8867901,1022.9995319265565,5.7705211488269645,52.58365519986249,"('8863596', '8867901')",,link,
104,10104,8863596,8868191,13065.594194231064,5.832828392251685,52.5778515805241,"('8863596', '8868191')",,link,
105,10105,8863596,106,23788.202099480175,5.733634570837424,52.52838415179935,"('8863596', '106')",,link,
106,10106,8861698,8862106,14573.861977617695,4.71282301839684,51.755859115042554,"('8861698', '8862106')",,link,
107,10107,8861698,8860725,4454.730156416705,4.640105885431515,51.71770068611086,"('8861698', '8860725')",,link,
108,10108,8861698,8863630,18595.65387848237,4.74282857956723,51.71637571656976,"('8861698', '8863630')",,link,
109,10109,8867824,8865869,1085.0151905623702,4.0031481279525405,51.4369080963546,"('8867824', '8865869')",,link,
110,10110,8867824,8862858,23899.461668617103,3.909086966545315,51.39240645839925,"('8867824', '8862858')",,link,
111,10111,8867824,120,18962.179853589012,3.9247090529686,51.43339117318118,"('8867824', '120')",,link,
112,10112,8861563,8867403,258.6481107170962,5.293964799303125,52.6997572594584,"('8861563', '8867403')",,link,
113,10113,8863131,8867986,584.9264533641734,4.673586216198215,51.82149435383915,"('8863131', '8867986')",,link,
114,10114,8863131,8863665,6109.629444359677,4.6461535999396,51.81104328684425,"('8863131', '8863665')",,link,
115,10115,8867148,22638156,87.29410845238024,5.754916964266135,50.9735853004934,"('8867148', '22638156')",,link,
116,10116,8867148,8868208,9678.917653196715,5.778680025197641,51.009632270488396,"('8867148', '8868208')",,link,
117,10117,8867148,8861305,15767.351668360145,5.7260744492327955,50.917245801822745,"('8867148', '8861305')",,link,
118,10118,8863710,8864009,2629.8158073469385,4.49528962036419,51.91295196401795,"('8863710', '8864009')",,link,
119,10119,8863710,8866388,2130.4126642699316,4.47613880740085,51.9043874753838,"('8863710', '8866388')",,link,
120,10120,8862690,8863709,3789.8471672387113,5.525509915760905,52.5175458741084,"('8862690', '8863709')",,link,
121,10121,8862690,8867258,22054.022383817028,5.62007016398915,52.5199914002324,"('8862690', '8867258')",,link,
122,10122,8861380,8867083,7626.719045946325,4.2267684049016,51.48896649119226,"('8861380', '8867083')",,link,
123,10123,8861380,103,27103.94788764461,4.173721203171841,51.45077562864188,"('8861380', '103')",,link,
124,10124,8862592,8867046,5712.559012733039,4.913021596974055,52.360481963740696,"('8862592', '8867046')",,link,
125,10125,8861611,8866661,21402.93536909143,5.5369278730604155,52.3119088898183,"('8861611', '8866661')",,link,
126,10126,8861611,111,22280.962366832202,5.372087800946095,52.28552072671445,"('8861611', '111')",,link,
127,10127,8865920,8864117,291.25856183885236,4.884001242144645,51.81474089308535,"('8865920', '8864117')",,link,
128,10128,8865990,101,34399.15132118663,5.619986477953628,51.49898690459962,"('8865990', '101')",,link,
129,10129,8867403,8860563,8931.941743932814,5.263558446595235,52.67423930961155,"('8867403', '8860563')",,link,
130,10130,8866429,8863656,2002.9581465276578,4.8158436450884405,52.4136201408064,"('8866429', '8863656')",,link,
131,10131,8866727,8860743,5934.3406652686745,4.41208880200492,51.69053722215415,"('8866727', '8860743')",,link,
132,10132,8867374,8867538,12269.485852538608,4.603853453353435,51.94152349997615,"('8867374', '8867538')",,link,
133,10133,8867374,8867500,2903.957468619093,4.578663172039355,51.9082009262004,"('8867374', '8867500')",,link,
134,10134,8860732,8864837,25641.274336459184,5.049513504668759,52.1874017909586,"('8860732', '8864837')",,link,
135,10135,8860732,8866045,5814.765678183789,5.095300164088645,52.079711237681856,"('8860732', '8866045')",,link,
136,10136,22638029,8864151,7912.84914572579,4.926702101460325,51.8220913919246,"('22638029', '8864151')",,link,
137,10137,22638029,8864117,1052.8237261997417,4.887344441322395,51.8174428277696,"('22638029', '8864117')",,link,
138,10138,22638029,8867986,24037.539243228617,4.78393482910083,51.8201126360464,"('22638029', '8867986')",,link,
139,10139,8866893,8868359,1040.4249099070125,4.83966123125269,51.713240598008355,"('8866893', '8868359')",,link,
140,10140,8866893,8862907,23444.80948519612,4.949255249873531,51.7129873936163,"('8866893', '8862907')",,link,
141,10141,8865600,8861687,15165.06598797255,5.845764512477936,51.811951421440504,"('8865600', '8861687')",,link,
142,10142,30984595,8860725,6279.201490860039,4.596294442118015,51.703364087903154,"('30984595', '8860725')",,link,
143,10143,8863630,8868359,1034.8561856146985,4.83037221964422,51.711996879831204,"('8863630', '8868359')",,link,
144,10144,8863630,8863818,7765.172161466329,4.83589280034294,51.681539882306055,"('8863630', '8863818')",,link,
145,10145,8864151,8865387,4471.861577784906,4.981768840892025,51.8229141347524,"('8864151', '8865387')",,link,
146,10146,8861986,8866388,6422.974310842722,4.43885354026209,51.9000313488614,"('8861986', '8866388')",,link,
147,10147,8860623,8863114,26592.040379090307,6.11666119803461,51.47050352472685,"('8860623', '8863114')",,link,
148,10148,8860623,8864825,31092.798676726386,6.071391853245094,51.310719113021946,"('8860623', '8864825')",,link,
149,10149,8867538,8865214,10239.160629660068,4.657341907078595,51.991735802458244,"('8867538', '8865214')",,link,
150,10150,8865756,123,18681.139324824864,5.5046696234219805,53.1837286320114,"('8865756', '123')",,link,
151,10151,8867515,8867829,4976.985453292856,5.075761208313255,52.3730874538692,"('8867515', '8867829')",,link,
152,10152,8867515,8864076,17969.095075944228,5.13360208700081,52.41416500713965,"('8867515', '8864076')",,link,
153,10153,8868301,8862106,12445.216652568093,4.81939443419511,51.80023806167395,"('8868301', '8862106')",,link,
154,10154,8868301,8864117,1257.826003234519,4.87802530351174,51.8127767349207,"('8868301', '8864117')",,link,
155,10155,8868301,8868359,13290.038668041523,4.85404792333331,51.76123209663145,"('8868301', '8868359')",,link,
156,10156,8863114,22638019,69.62598264212046,6.07876855488008,51.546917506879055,"('8863114', '22638019')",,link,
157,10157,8862776,122,18831.21318081247,4.862636561359135,51.93956150857271,"('8862776', '122')",,link,
158,10158,8862497,8865817,1029.157007993054,4.588400982887295,52.470056279816404,"('8862497', '8865817')",,link,
159,10159,8864076,8860563,23114.252319510088,5.221183671102144,52.54591305972825,"('8864076', '8860563')",,link,
160,10160,8864076,8861499,14657.796074342363,5.27021080358552,52.4694405549222,"('8864076', '8861499')",,link,
161,10161,8864076,8864005,6879.51793322567,5.22470698731073,52.42280843408605,"('8864076', '8864005')",,link,
162,10162,8866564,8866306,3378.2517165791955,4.548598087993716,52.210291929384454,"('8866564', '8866306')",,link,
163,10163,8866564,108,23269.54278251474,4.509389261202545,52.13559258989039,"('8866564', '108')",,link,
164,10164,8860579,8864153,16360.268924364946,6.723060865222015,52.2430021011035,"('8860579', '8864153')",,link,
165,10165,8862448,8864929,9622.681015805589,5.948493482352459,51.186615680071,"('8862448', '8864929')",,link,
166,10166,8862448,8864825,3176.1169859780193,5.985272076034585,51.21570904184895,"('8862448', '8864825')",,link,
167,10167,8864020,8864837,606.2860549203193,5.02213195480567,52.275697177702746,"('8864020', '8864837')",,link,
168,10168,8860631,8866095,26901.63642071443,5.2256224456477,52.000002946590854,"('8860631', '8866095')",,link,
169,10169,8860631,8862340,1558.4441908427393,5.346180601146985,51.95838008678224,"('8860631', '8862340')",,link,
170,10170,8862340,8862202,1104.0932076450106,5.35735470389156,51.953953022719546,"('8862340', '8862202')",,link,
171,10171,8867785,8862614,4541.701591594181,3.6861295243106547,51.42935655077605,"('8867785', '8862614')",,link,
172,10172,8867785,120,18962.179853589012,3.77728470773234,51.424224333809924,"('8867785', '120')",,link,
173,10173,8864825,8864929,10568.213167819993,5.951412510807675,51.198567415685844,"('8864825', '8864929')",,link,
174,10174,8866306,125,18331.124797753197,4.598126258832073,52.27285675471778,"('8866306', '125')",,link,
175,10175,8866627,8862907,825.4579713324122,5.05564220526443,51.708780959249,"('8866627', '8862907')",,link,
176,10176,8863354,8861687,3348.901030302486,5.8406182034250556,51.859276598130954,"('8863354', '8861687')",,link,
177,10177,8863354,8862687,30002.54323716567,5.97447098805301,51.851757163415904,"('8863354', '8862687')",,link,
178,10178,8861625,8861372,2495.7033194149653,4.76100284009991,52.62723566526335,"('8861625', '8861372')",,link,
179,10179,8861625,112,21847.570674122773,4.761231261834608,52.71090223954242,"('8861625', '112')",,link,
180,10180,8861996,8865631,1862.9807402706147,5.4530320032387145,51.8862988523893,"('8861996', '8865631')",,link,
181,10181,8861996,8862202,13480.952406888953,5.41153997044016,51.92033860006615,"('8861996', '8862202')",,link,
182,10182,8861996,8865412,8678.919879769393,5.4997890230937845,51.8929122023806,"('8861996', '8865412')",,link,
183,10183,8868208,8861292,15305.284316640002,5.845022259109456,51.09988159275055,"('8868208', '8861292')",,link,
184,10184,8867128,8865214,802.0074453111314,4.687392139044605,52.0147326504314,"('8867128', '8865214')",,link,
185,10185,8867829,111,22280.962366832202,5.186774963459965,52.33525963503815,"('8867829', '111')",,link,
186,10186,8867046,107,23300.309819736853,4.855387415072958,52.285825364739125,"('8867046', '107')",,link,
187,10187,22638146,8865631,247.976977009192,5.44421991998588,51.884857512650655,"('22638146', '8865631')",,link,
188,10188,8866297,124,18512.337071201182,6.860057724344886,53.41438921501005,"('8866297', '124')",,link,
189,10189,8867130,8863665,937.1240733357351,4.62243925530863,51.7959365864765,"('8867130', '8863665')",,link,
190,10190,8867130,8860725,9053.929362495543,4.621933481506855,51.75302074301615,"('8867130', '8860725')",,link,
191,10191,8865735,8865631,14321.299277392684,5.397086526515745,51.84404550241585,"('8865735', '8865631')",,link,
192,10192,8865735,116,19837.158515022205,5.262378052262033,51.808302907365004,"('8865735', '116')",,link,
193,10193,8863105,8862858,665.1158085561353,3.81676705330237,51.34647877680645,"('8863105', '8862858')",,link,
194,10194,8861681,8864435,4309.579634737994,5.921277237330925,53.1574856522733,"('8861681', '8864435')",,link,
195,10195,8865387,116,19837.158515022205,5.088690986446878,51.816746003358205,"('8865387', '116')",,link,
196,10196,8861687,8865412,32434.10909036162,5.682729671849341,51.8815162628356,"('8861687', '8865412')",,link,
197,10197,8864929,8864319,2072.412143806971,5.9057877963538346,51.16668174522725,"('8864929', '8864319')",,link,
198,10198,8863360,8865214,13850.69353111389,4.67914334913704,52.06685297483095,"('8863360', '8865214')",,link,
199,10199,8863360,107,23300.309819736853,4.734808911527612,52.17464318860458,"('8863360', '107')",,link,
200,10200,8864319,8861292,1563.8968251423835,5.892077928412336,51.15902476651685,"('8864319', '8861292')",,link,
201,10201,8864319,101,34399.15132118663,5.804623276372623,51.275588592564276,"('8864319', '101')",,link,
202,10202,8861231,122,18831.21318081247,5.015209516503045,51.98111655811469,"('8861231', '122')",,link,
203,10203,8861372,113,20399.097360646778,4.82428821744268,52.66863637199245,"('8861372', '113')",,link,
204,10204,8865186,8866747,1071.695130157798,4.88771329916137,52.39188134890775,"('8865186', '8866747')",,link,
205,10205,8860725,8860743,20683.30028898104,4.52821917277288,51.708222909511704,"('8860725', '8860743')",,link,
206,10206,8865869,103,27103.94788764461,4.06315708793618,51.44081960944223,"('8865869', '103')",,link,
207,10207,8864435,8863518,18698.984476140635,5.982285413508626,53.1267838505417,"('8864435', '8863518')",,link,
208,10208,8862106,8867986,11000.829482301699,4.720934426430695,51.80569472487005,"('8862106', '8867986')",,link,
209,10209,8867258,8867901,7802.775698419793,5.740435100837081,52.561460613334845,"('8867258', '8867901')",,link,
210,10210,8866661,106,23788.202099480175,5.650619207900256,52.41823905532245,"('8866661', '106')",,link,
211,10211,,,,4.66917516502852,51.8293462000266,8866570,0.0,intermediate_node,0.0
212,10212,,,,4.84059469180422,52.4181119618773,8863272,0.0,intermediate_node,1.0
213,10213,,,,5.619515317759569,52.3552441748871,8863861,1.0,harbour_with_charging,0.0
214,10214,,,,5.40242865495025,53.1774479247266,30986055,0.0,intermediate_node,0.0
215,10215,,,,4.61900202498856,51.8893707953575,8865140,0.0,intermediate_node,0.0
216,10216,,,,4.36449230555151,51.89941686597749,8863206,0.0,harbour,1.0
217,10217,,,,5.32706857853499,51.7481498215268,11309119,0.0,intermediate_node,0.0
218,10218,,,,4.3544207692191,51.6615921323762,8864258,0.0,intermediate_node,1.0
219,10219,,,,5.11686640686609,52.0690861380017,8867240,1.0,harbour_with_charging,0.0
220,10220,,,,5.0995495058177,51.571718686257405,8867740,0.0,harbour,0.0
221,10221,,,,4.97261966269935,51.8346010321376,8867910,0.0,intermediate_node,0.0
222,10222,,,,4.50017260042379,51.9180994743076,8863306,2.0,harbour_with_charging,1.0
223,10223,,,,4.64443424053739,52.2207211246058,8862716,0.0,intermediate_node,0.0
224,10224,,,,3.74325127446274,51.3672736035627,8863891,0.0,intermediate_node,0.0
225,10225,,,,5.37278307062632,51.6801484679581,11309058,0.0,intermediate_node,0.0
226,10226,,,,4.65915343872601,51.8507497719035,8863048,0.0,intermediate_node,0.0
227,10227,,,,4.95232193672595,52.3819405187158,8864384,0.0,intermediate_node,0.0
228,10228,,,,5.88963994342825,51.1537721105376,8863599,0.0,harbour,0.0
229,10229,,,,5.27550822977527,51.710912092794196,8866775,1.0,harbour_with_charging,0.0
230,10230,,,,4.9896956444011,52.809382587272204,8866465,1.0,harbour_with_charging,0.0
231,10231,,,,4.41689035792607,51.9384485284842,8862292,0.0,intermediate_node,0.0
232,10232,,,,4.25320368807826,51.6387408772959,8862801,0.0,intermediate_node,0.0
233,10233,,,,5.75186236821517,53.1962612442423,8865462,0.0,intermediate_node,0.0
234,10234,,,,5.85396538419482,51.8514420885143,22638327,0.0,harbour,0.0
235,10235,,,,3.70582361407519,51.451397395397,8864111,1.0,harbour_with_charging,0.0
236,10236,,,,4.55361693326974,51.9058337674908,8863742,0.0,intermediate_node,0.0
237,10237,,,,5.67606448241909,51.7923511698178,22638404,1.0,harbour_with_charging,1.0
238,10238,,,,5.09743016581274,52.0119561401743,8867392,3.0,harbour_with_charging,0.0
239,10239,,,,5.963267287172269,51.682275139515205,8864553,0.0,intermediate_node,0.0
240,10240,,,,4.32003340516321,51.8944476699094,8861716,0.0,intermediate_node,0.0
241,10241,,,,5.966126849931709,51.682625933061594,22638320,0.0,harbour,0.0
242,10242,,,,4.00668012620939,51.50437678529,8862992,2.0,harbour_with_charging,0.0
243,10243,,,,5.10601233691986,52.0486846684556,8865846,0.0,intermediate_node,0.0
244,10244,,,,5.36916172675837,51.789966462379105,8865119,0.0,intermediate_node,0.0
245,10245,,,,5.415183697816,52.5059749165469,8868457,0.0,intermediate_node,0.0
246,10246,,,,5.14516849598416,53.3225606820166,8861447,0.0,intermediate_node,1.0
247,10247,,,,5.53647006750229,51.8163539576368,8860920,0.0,intermediate_node,0.0
248,10248,,,,4.66241233943516,52.4758516323328,8866671,0.0,harbour,0.0
249,10249,,,,4.89820080178614,52.3835262832878,8863796,0.0,intermediate_node,0.0
250,10250,,,,4.78636523210859,52.94535786728719,8865644,0.0,intermediate_node,0.0
251,10251,,,,4.62256166016135,52.4660390669702,8861863,0.0,intermediate_node,1.0
252,10252,,,,6.944693261992941,53.3247348479598,8868065,0.0,intermediate_node,0.0
253,10253,,,,5.02106159244081,52.3043016686097,8865887,0.0,intermediate_node,1.0
254,10254,,,,5.12655408140474,51.737355278482106,8866137,0.0,intermediate_node,0.0
255,10255,,,,6.15399081919364,51.393199315149,22637863,1.0,harbour_with_charging,0.0
256,10256,,,,4.72158319425011,52.4335972736418,8862048,0.0,intermediate_node,0.0
257,10257,,,,5.466826260107919,52.4658222120622,8864526,0.0,intermediate_node,0.0
258,10258,,,,3.82464265412123,51.3188974436157,8867489,0.0,intermediate_node,0.0
259,10259,,,,4.43200716599724,51.8367377400882,8864737,0.0,intermediate_node,0.0
260,10260,,,,3.81108329029798,51.3398853377852,8863755,0.0,intermediate_node,0.0
261,10261,,,,6.6263764698213405,52.367848885154196,8866512,0.0,harbour,1.0
262,10262,,,,5.46603689154447,52.2544399381578,8864494,1.0,harbour_with_charging,0.0
263,10263,,,,5.775142252306009,52.5834567000378,8863596,0.0,intermediate_node,0.0
264,10264,,,,4.65993286745805,51.72123198673861,8861698,0.0,intermediate_node,0.0
265,10265,,,,3.99842122558673,51.4379745928668,8867824,1.0,harbour_with_charging,1.0
266,10266,,,,5.29337974552806,52.7005778234093,8861563,1.0,harbour_with_charging,0.0
267,10267,,,,4.67101674887067,51.8220855012847,8863131,0.0,intermediate_node,0.0
268,10268,,,,4.33350300310146,51.866917854826305,8865803,0.0,intermediate_node,0.0
269,10269,,,,5.754529713418921,50.97366145196279,8867148,0.0,intermediate_node,0.0
270,10270,,,,4.48461951378218,51.9086329157688,8863710,0.0,intermediate_node,0.0
271,10271,,,,5.52517017165206,52.5009152734823,8862690,0.0,intermediate_node,0.0
272,10272,,,,4.22900326078967,51.4557536382417,8861380,0.0,harbour,0.0
273,10273,,,,4.91036652710248,52.379547474675,8862592,0.0,intermediate_node,0.0
274,10274,,,,5.46474421968916,52.2606512725526,8861611,0.0,intermediate_node,1.0
275,10275,,,,4.8850275763204,51.8139181963307,8865920,0.0,harbour,0.0
276,10276,,,,5.527668078744131,51.6106860606173,8865990,1.0,harbour_with_charging,1.0
277,10277,,,,5.29454985307819,52.698936695507506,8867403,0.0,intermediate_node,0.0
278,10278,,,,4.81931685847648,52.405443984187706,8866429,4.0,harbour_with_charging,1.0
279,10279,,,,4.38801816186906,51.678798010768,8866727,0.0,intermediate_node,0.0
280,10280,,,,4.57679013106882,51.9142292441604,8867374,0.0,intermediate_node,0.0
281,10281,,,,5.07757538440218,52.09654700441771,8860732,0.0,intermediate_node,0.0
282,10282,,,,4.8917139746759,51.8193220656992,22638029,0.0,intermediate_node,0.0
283,10283,,,,4.84430231489335,51.7140068827552,8866893,1.0,harbour_with_charging,1.0
284,10284,,,,5.864535188829211,51.7581066626557,8865600,1.0,harbour_with_charging,1.0
285,10285,,,,4.57230998083105,51.6925587903232,30984595,1.0,harbour_with_charging,0.0
286,10286,,,,4.82572429167641,51.7115194464009,8863630,0.0,intermediate_node,0.0
287,10287,,,,5.24997216005198,51.73360970913361,8862161,0.0,intermediate_node,0.0
288,10288,,,,4.96169022824475,51.82486071815,8864151,0.0,intermediate_node,1.0
289,10289,,,,4.41004897950466,51.89992066272399,8861986,0.0,intermediate_node,0.0
290,10290,,,,4.46765810101952,51.9001420349988,8866388,0.0,intermediate_node,0.0
291,10291,,,,6.154592602000389,51.3937774485801,8860623,0.0,intermediate_node,1.0
292,10292,,,,4.63091677563805,51.968817755791896,8867538,0.0,harbour,1.0
293,10293,,,,5.42227204182425,53.1795510946011,8865756,1.0,harbour_with_charging,1.0
294,10294,,,,5.05740387190961,52.3860458185384,8867515,0.0,intermediate_node,0.0
295,10295,,,,4.87307569905459,51.8099898800014,8868301,0.0,intermediate_node,0.0
296,10296,,,,6.92930573339279,53.3286858414547,8863614,0.0,harbour,0.0
297,10297,,,,6.07872979406883,51.5472296008736,8863114,0.0,intermediate_node,0.0
298,10298,,,,4.78635008378718,51.91878398380171,8862776,1.0,harbour_with_charging,1.0
299,10299,,,,4.59282700613227,52.4714881044083,8862497,1.0,harbour_with_charging,1.0
300,10300,,,,5.11302494377511,52.062875470946004,8866045,0.0,intermediate_node,0.0
301,10301,,,,5.20980030209201,52.4422841957409,8864076,0.0,intermediate_node,0.0
302,10302,,,,4.54022222896137,52.2013072770258,8866564,1.0,harbour_with_charging,0.0
303,10303,,,,3.56661887447429,51.399037385967,8861528,1.0,harbour_with_charging,0.0
304,10304,,,,4.77200235947372,52.95743141987689,8861568,0.0,harbour,0.0
305,10305,,,,6.65023968871591,52.2389582753763,8860579,0.0,intermediate_node,0.0
306,10306,,,,5.52584965986975,52.5341764747345,8863709,1.0,harbour_with_charging,0.0
307,10307,,,,5.98235304757937,51.2037573062341,8862448,1.0,harbour_with_charging,0.0
308,10308,,,,5.022812284676,52.273137777905994,8864020,1.0,harbour_with_charging,0.0
309,10309,,,,5.33961919677562,51.9609432689424,8860631,0.0,intermediate_node,1.0
310,10310,,,,5.75530421511335,50.973509149024,22638156,0.0,harbour,0.0
311,10311,,,,5.35274200551835,51.95581690462209,8862340,0.0,intermediate_node,0.0
312,10312,,,,3.70357253511421,51.4196409141243,8867785,0.0,intermediate_node,0.0
313,10313,,,,5.9881911044898,51.2276607774638,8864825,0.0,intermediate_node,0.0
314,10314,,,,4.55697394702606,52.21927658174311,8866306,0.0,intermediate_node,0.0
315,10315,,,,4.66228547457242,52.4611203483039,8861752,0.0,intermediate_node,0.0
316,10316,,,,5.05707622567515,51.7055940140206,8866627,0.0,harbour,0.0
317,10317,,,,5.85424257072345,51.8527570160366,8863354,0.0,intermediate_node,0.0
318,10318,,,,4.75285327174328,52.6327503636275,8861625,1.0,harbour_with_charging,0.0
319,10319,,,,5.4611125386155495,51.8885880593153,8861996,0.0,intermediate_node,0.0
320,10320,,,,3.8405717678279,51.2777826961686,8861462,0.0,harbour,1.0
321,10321,,,,5.54306835860465,51.7909078622557,8862570,0.0,harbour,0.0
322,10322,,,,6.07880731569133,51.5466054128845,22638019,1.0,harbour_with_charging,0.0
323,10323,,,,5.05420818485371,51.7119679044774,8862907,0.0,intermediate_node,0.0
324,10324,,,,5.23961367252945,52.4033326724312,8864005,1.0,harbour_with_charging,1.0
325,10325,,,,3.6686865135070996,51.4390721874278,8862614,0.0,intermediate_node,0.0
326,10326,,,,5.80283033697636,51.045603089014,8868208,1.0,harbour_with_charging,1.0
327,10327,,,,4.69101723957007,52.014811451738204,8867128,0.0,harbour,0.0
328,10328,,,,5.0941185447169,52.3601290892,8867829,0.0,intermediate_node,0.0
329,10329,,,,4.22453354901353,51.522179344142806,8867083,1.0,harbour_with_charging,0.0
330,10330,,,,4.91567666684563,52.34141645280639,8867046,0.0,intermediate_node,0.0
331,10331,,,,5.44348837210988,51.885705379838,22638146,1.0,harbour_with_charging,0.0
332,10332,,,,5.23256704011228,52.6495419237156,8860563,0.0,intermediate_node,1.0
333,10333,,,,6.8318458784622,53.4442740040268,8866297,1.0,harbour_with_charging,1.0
334,10334,,,,4.62358805960873,51.7918721005492,8867130,3.0,harbour_with_charging,1.0
335,10335,,,,4.8123704317004,52.4217962974251,8863656,0.0,intermediate_node,0.0
336,10336,,,,5.34922158516961,51.8040813593684,8865735,0.0,intermediate_node,0.0
337,10337,,,,4.58397495964232,52.4686244552245,8865817,0.0,intermediate_node,0.0
338,10338,,,,3.81378139910084,51.3461192296812,8863105,0.0,intermediate_node,0.0
339,10339,,,,5.93422443041975,53.170376042424,8861681,0.0,intermediate_node,0.0
340,10340,,,,5.0018474535393,51.820967551354805,8865387,0.0,intermediate_node,0.0
341,10341,,,,5.82699383612666,51.86579618022531,8861687,0.0,intermediate_node,0.0
342,10342,,,,5.91463391712555,51.1694740539079,8864929,0.0,intermediate_node,0.0
343,10343,,,,4.83502014761203,51.7124743132615,8868359,0.0,intermediate_node,0.0
344,10344,,,,4.67451965975494,52.1190521005373,8863360,1.0,harbour_with_charging,0.0
345,10345,,,,5.89694167558212,51.1638894365466,8864319,0.0,intermediate_node,0.0
346,10346,,,,6.09469940538257,51.85075731079521,8862687,1.0,harbour_with_charging,0.0
347,10347,,,,6.79588204172812,52.2470459268307,8864153,1.0,harbour_with_charging,0.0
348,10348,,,,4.58053621300989,51.9021726082404,8867500,0.0,intermediate_node,0.0
349,10349,,,,5.091495994075,52.00189408288569,8861231,0.0,intermediate_node,0.0
350,10350,,,,4.97882314759826,51.8352968915153,8863019,0.0,harbour,0.0
351,10351,,,,5.11162569451978,52.0390626242393,8866095,0.0,intermediate_node,0.0
352,10352,,,,4.62129045100853,51.8000010724038,8863665,0.0,intermediate_node,0.0
353,10353,,,,3.8197527075039,51.3468383239317,8862858,0.0,intermediate_node,0.0
354,10354,,,,4.62984445555747,51.87608380888721,8866686,2.0,harbour_with_charging,0.0
355,10355,,,,4.76915240845654,52.6217209668992,8861372,0.0,intermediate_node,0.0
356,10356,,,,5.02145162493534,52.2782565774995,8864837,0.0,intermediate_node,0.0
357,10357,,,,5.887214181242551,51.1541600964871,8861292,0.0,intermediate_node,0.0
358,10358,,,,4.88453154031899,52.3883693277055,8865186,0.0,intermediate_node,0.0
359,10359,,,,5.69761918504667,50.8608301516827,8861305,0.0,harbour,0.0
360,10360,,,,5.0927173061095,53.29364954525371,8865605,0.0,harbour,0.0
361,10361,,,,5.44495146786188,51.8840096454633,8865631,0.0,intermediate_node,0.0
362,10362,,,,4.88297490796889,51.81556358984,8864117,0.0,intermediate_node,0.0
363,10363,,,,4.62027890340498,51.7141693854831,8860725,0.0,intermediate_node,0.0
364,10364,,,,5.53846550757202,51.8972363454459,8865412,1.0,harbour_with_charging,1.0
365,10365,,,,5.32803330621957,53.1893910697146,8867600,0.0,intermediate_node,0.0
366,10366,,,,4.00787503031835,51.4358415998424,8865869,0.0,intermediate_node,0.0
367,10367,,,,4.68376703851914,52.01465384912459,8865214,0.0,intermediate_node,0.0
368,10368,,,,4.89089505800375,52.39539337011001,8866747,0.0,intermediate_node,0.0
369,10369,,,,4.84606130900947,51.6515603182112,8863818,1.0,harbour_with_charging,1.0
370,10370,,,,5.36196740226477,51.952089140817,8862202,0.0,intermediate_node,0.0
371,10371,,,,5.33062130507903,52.4965969141035,8861499,0.0,intermediate_node,1.0
372,10372,,,,5.21900272452983,53.3539177165105,8864260,0.0,harbour,0.0
373,10373,,,,5.9083300442421,53.1445952621226,8864435,0.0,intermediate_node,1.0
374,10374,,,,4.76571316933563,51.7904862433465,8862106,0.0,intermediate_node,0.0
375,10375,,,,5.714970156326241,52.5390675269825,8867258,1.0,harbour_with_charging,1.0
376,10376,,,,5.609111526431671,52.363166507084,8866661,0.0,intermediate_node,0.0
377,10377,,,,3.81618834770356,51.33733238371351,8863469,0.0,harbour,1.0
378,10378,,,,4.43615944214078,51.7022764335403,8860743,0.0,intermediate_node,0.0
379,10379,,,,5.89051453219736,52.5722464610104,8868191,0.0,harbour,1.0
380,10380,,,,4.5059597269462,51.9172710122671,8864009,0.0,intermediate_node,0.0
381,10381,,,,6.056240782775151,53.1089724389608,8863518,1.0,harbour_with_charging,0.0
382,10382,,,,4.67615568352576,51.8209032063936,8867986,0.0,intermediate_node,0.0
383,10383,,,,5.76590004534792,52.58385369968719,8867901,0.0,intermediate_node,0.0
384,10384,,,,5.712304877163126,51.38728774858195,101,0.0,inserted_node,0.0
385,10385,,,,4.11843914555401,51.445797619042054,103,0.0,inserted_node,0.0
386,10386,,,,4.1299419071438255,51.57155883129295,105,0.0,inserted_node,0.0
387,10387,,,,5.69212688936884,52.4733116035609,106,0.0,inserted_node,0.0
388,10388,,,,4.795098163300285,52.23023427667185,107,0.0,inserted_node,0.0
389,10389,,,,4.47855629344372,52.069877902754996,108,0.0,inserted_node,0.0
390,10390,,,,5.27943138220303,52.3103901808763,111,0.0,inserted_node,0.0
391,10391,,,,4.769609251925935,52.78905411545735,112,0.0,inserted_node,1.0
392,10392,,,,4.87942402642882,52.7155517770857,113,0.0,inserted_node,0.0
393,10393,,,,5.175534519354455,51.812524455361604,116,0.0,inserted_node,0.0
394,10394,,,,3.85099688035047,51.42880775349555,120,0.0,inserted_node,0.0
395,10395,,,,4.93892303893109,51.9603390333437,122,0.0,inserted_node,0.0
396,10396,,,,5.587067205019711,53.1879061694217,123,0.0,inserted_node,0.0
397,10397,,,,6.888269570227571,53.3845044259933,124,0.0,inserted_node,0.0
398,10398,,,,4.639278570638085,52.326436927692455,125,0.0,inserted_node,1.0
