,length,condition,lat,lon,model_type,id,road,name
0,4,,23.7060278,90.443333,source,10000,N1,Dhaka
1,1800,NaN,23.70238323,90.45109704,link,10001,N1,xyz
2,11.3,A,23.69873866,90.45886108,bridge,10002,N1,xyz
3,3125,NaN,23.69670125,90.473318,link,10003,N1,xyz
4,6.6,A,23.69466384,90.48777492,bridge,10004,N1,xyz
5,4051,NaN,23.69986186,90.50549453,link,10005,N1,xyz
6,394.23,A,23.70505989,90.52321415,bridge,10006,N1,xyz
7,1567,NaN,23.70072999,90.52915656,link,10007,N1,xyz
8,8,B,23.69640009,90.53509898,bridge,10008,N1,xyz
9,337,NaN,23.69539535,90.53633653,link,10009,N1,xyz
10,6.3,A,23.69439061,90.53757408,bridge,10010,N1,xyz
11,17,NaN,23.6943465,90.53764072,link,10011,N1,xyz
12,6.3,A,23.69430239,90.53770737,bridge,10012,N1,xyz
13,399,NaN,23.69333127,90.53931288,link,10013,N1,xyz
14,8.3,A,23.69236015,90.54091839,bridge,10014,N1,xyz
15,512,NaN,23.69163604,90.54319044,link,10015,N1,xyz
16,10.6,B,23.69091193,90.5454625,bridge,10016,N1,xyz
17,431,NaN,23.68966213,90.54701051,link,10017,N1,xyz
18,9.3,A,23.68841233,90.54855853,bridge,10018,N1,xyz
19,14,NaN,23.68836603,90.54860417,link,10019,N1,xyz
20,6.1,A,23.68831973,90.54864981,bridge,10020,N1,xyz
21,407,NaN,23.68695138,90.54992889,link,10021,N1,xyz
22,27.5,A,23.68558303,90.55120798,bridge,10022,N1,xyz
23,28,NaN,23.6854725,90.55128358,link,10023,N1,xyz
24,27.5,A,23.68536198,90.55135918,bridge,10024,N1,xyz
25,886,NaN,23.68158274,90.55358931,link,10025,N1,xyz
26,11.9,A,23.6778035,90.55581943,bridge,10026,N1,xyz
27,1891,NaN,23.67055628,90.55983821,link,10027,N1,xyz
28,5.55,B,23.66330907,90.56385699,bridge,10028,N1,xyz
29,1669,NaN,23.65886739,90.57029361,link,10029,N1,xyz
30,159.52,C,23.65442571,90.57673023,bridge,10030,N1,xyz
31,88,NaN,23.65419898,90.57707032,link,10031,N1,xyz
32,20.45,A,23.65397226,90.57741042,bridge,10032,N1,xyz
33,0,NaN,23.65397226,90.57741042,link,10033,N1,xyz
34,20.5,A,23.65397226,90.57741042,bridge,10034,N1,xyz
35,500,NaN,23.65277141,90.57945241,link,10035,N1,xyz
36,20,B,23.65157057,90.58149439,bridge,10036,N1,xyz
37,371,NaN,23.65066248,90.5830217,link,10037,N1,xyz
38,25.5,B,23.6497544,90.58454901,bridge,10038,N1,xyz
39,0,NaN,23.6497544,90.58454901,link,10039,N1,xyz
40,25.5,A,23.6497544,90.58454901,bridge,10040,N1,xyz
41,649,NaN,23.6478615,90.58688049,link,10041,N1,xyz
42,40.5,C,23.64596859,90.58921198,bridge,10042,N1,xyz
43,0,NaN,23.64596859,90.58921198,link,10043,N1,xyz
44,40.33,B,23.64596859,90.58921198,bridge,10044,N1,xyz
45,1018,NaN,23.64196148,90.59143969,link,10045,N1,xyz
46,6,A,23.63795437,90.5936674,bridge,10046,N1,xyz
47,637,NaN,23.6358798,90.59553074,link,10047,N1,xyz
48,10.4,B,23.63380522,90.59739409,bridge,10048,N1,xyz
49,787,NaN,23.63113604,90.59984783,link,10049,N1,xyz
50,89.75,A,23.62846685,90.60230157,bridge,10050,N1,xyz
51,0,NaN,23.62846685,90.60230157,link,10051,N1,xyz
52,86.92,A,23.62846685,90.60230157,bridge,10052,N1,xyz
53,1144,NaN,23.62417504,90.60532723,link,10053,N1,xyz
54,5.5,B,23.61988322,90.60835289,bridge,10054,N1,xyz
55,268,NaN,23.61876201,90.60895175,link,10055,N1,xyz
56,224.8,A,23.6176408,90.60955061,bridge,10056,N1,xyz
57,0,NaN,23.6176408,90.60955061,link,10057,N1,xyz
58,224.82,B,23.6176408,90.60955061,bridge,10058,N1,xyz
59,485,NaN,23.61561409,90.61022678,link,10059,N1,xyz
60,119.48,A,23.61358738,90.61090296,bridge,10060,N1,xyz
61,0,NaN,23.61358738,90.61090296,link,10061,N1,xyz
62,119.32,A,23.61358738,90.61090296,bridge,10062,N1,xyz
63,1312,NaN,23.60817349,90.61321733,link,10063,N1,xyz
64,924.85,A,23.60275959,90.6155317,bridge,10064,N1,xyz
65,1722,NaN,23.59787074,90.62175082,link,10065,N1,xyz
66,5.6,A,23.59298188,90.62796994,bridge,10066,N1,xyz
67,337,NaN,23.59189537,90.6291034,link,10067,N1,xyz
68,5.5,A,23.59080885,90.63023686,bridge,10068,N1,xyz
69,668,NaN,23.58856349,90.63237314,link,10069,N1,xyz
70,5.6,A,23.58631812,90.63450942,bridge,10070,N1,xyz
71,1195,NaN,23.58214907,90.63821436,link,10071,N1,xyz
72,173.25,A,23.57798002,90.64191931,bridge,10072,N1,xyz
73,0,NaN,23.57798002,90.64191931,link,10073,N1,xyz
74,172.1,A,23.57798002,90.64191931,bridge,10074,N1,xyz
75,823,NaN,23.57480533,90.64366762,link,10075,N1,xyz
76,29.77,A,23.57163063,90.64541592,bridge,10076,N1,xyz
77,0,NaN,23.57163063,90.64541592,link,10077,N1,xyz
78,29.85,A,23.57163063,90.64541592,bridge,10078,N1,xyz
79,704,NaN,23.56881701,90.64701982,link,10079,N1,xyz
80,34.7,A,23.5660034,90.64862372,bridge,10080,N1,xyz
81,1066,NaN,23.56259721,90.65218565,link,10081,N1,xyz
82,27.4,A,23.55919103,90.65574757,bridge,10082,N1,xyz
83,564,NaN,23.55744966,90.6577445,link,10083,N1,xyz
84,29.83,A,23.55570829,90.65974142,bridge,10084,N1,xyz
85,0,NaN,23.55570829,90.65974142,link,10085,N1,xyz
86,29.85,A,23.55570829,90.65974142,bridge,10086,N1,xyz
87,649,NaN,23.55372524,90.66204765,link,10087,N1,xyz
88,29.9,A,23.55174219,90.66435388,bridge,10088,N1,xyz
89,0,NaN,23.55174219,90.66435388,link,10089,N1,xyz
90,29.87,A,23.55174219,90.66435388,bridge,10090,N1,xyz
91,656,NaN,23.54973997,90.66670464,link,10091,N1,xyz
92,9.1,A,23.54773774,90.66905541,bridge,10092,N1,xyz
93,19,NaN,23.54768119,90.66912374,link,10093,N1,xyz
94,5.2,A,23.54762464,90.66919207,bridge,10094,N1,xyz
95,795,NaN,23.54515504,90.67201064,link,10095,N1,xyz
96,72.49,A,23.54268543,90.67482921,bridge,10096,N1,xyz
97,0,NaN,23.54268543,90.67482921,link,10097,N1,xyz
98,59.83,A,23.54268543,90.67482921,bridge,10098,N1,xyz
99,520,NaN,23.54103822,90.6766435,link,10099,N1,xyz
100,5.1,C,23.53939102,90.67845779,bridge,10100,N1,xyz
101,1070,NaN,23.5360831,90.68216395,link,10101,N1,xyz
102,9.5,A,23.53277519,90.68587011,bridge,10102,N1,xyz
103,227,NaN,23.53208743,90.68665952,link,10103,N1,xyz
104,25.45,A,23.53139966,90.68744893,bridge,10104,N1,xyz
105,0,NaN,23.53139966,90.68744893,link,10105,N1,xyz
106,25.45,A,23.53139966,90.68744893,bridge,10106,N1,xyz
107,299,NaN,23.53077581,90.68862205,link,10107,N1,xyz
108,8.4,A,23.53015196,90.68979518,bridge,10108,N1,xyz
109,1303,NaN,23.53026822,90.69611773,link,10109,N1,xyz
110,1408.8,A,23.53038447,90.70244027,bridge,10110,N1,xyz
111,2294,NaN,23.53140154,90.7133605,link,10111,N1,xyz
112,23.1,C,23.5324186,90.72428072,bridge,10112,N1,xyz
113,556,NaN,23.53208869,90.72672937,link,10113,N1,xyz
114,6,B,23.53175878,90.72917801,bridge,10114,N1,xyz
115,3076,NaN,23.53078192,90.74371563,link,10115,N1,xyz
116,16.5,C,23.52980506,90.75825325,bridge,10116,N1,xyz
117,2228,NaN,23.53028529,90.76916649,link,10117,N1,xyz
118,3.9,C,23.53076553,90.78007973,bridge,10118,N1,xyz
119,1707,NaN,23.53081693,90.78594362,link,10119,N1,xyz
120,6.5,C,23.53086834,90.79180752,bridge,10120,N1,xyz
121,1513,NaN,23.53134591,90.80141152,link,10121,N1,xyz
122,15.9,A,23.53182348,90.81101551,bridge,10122,N1,xyz
123,2174,NaN,23.5323989,90.82099649,link,10123,N1,xyz
124,12.2,A,23.53297433,90.83097748,bridge,10124,N1,xyz
125,1755,NaN,23.5279455,90.83759804,link,10125,N1,xyz
126,4.5,C,23.52291667,90.84421861,bridge,10126,N1,xyz
127,3693,NaN,23.51650221,90.85996951,link,10127,N1,xyz
128,28.9,C,23.51008776,90.8757204,bridge,10128,N1,xyz
129,2832,NaN,23.5080451,90.88894747,link,10129,N1,xyz
130,5.9,B,23.50600243,90.90217454,bridge,10130,N1,xyz
131,1992,NaN,23.50580779,90.91182028,link,10131,N1,xyz
132,3,B,23.50561314,90.92146602,bridge,10132,N1,xyz
133,2268,NaN,23.50401046,90.93235396,link,10133,N1,xyz
134,6,B,23.50240778,90.94324189,bridge,10134,N1,xyz
135,440,NaN,23.50188149,90.94531315,link,10135,N1,xyz
136,3,A,23.50135519,90.94738441,bridge,10136,N1,xyz
137,2640,NaN,23.49862575,90.95948083,link,10137,N1,xyz
138,4.6,B,23.49589631,90.97157725,bridge,10138,N1,xyz
139,1862,NaN,23.49458456,90.98014865,link,10139,N1,xyz
140,4.5,A,23.49327281,90.98872004,bridge,10140,N1,xyz
141,3116,NaN,23.4900767,91.00314337,link,10141,N1,xyz
142,23.1,C,23.48688059,91.01756669,bridge,10142,N1,xyz
143,3123,NaN,23.48433396,91.03195079,link,10143,N1,xyz
144,4.6,B,23.48178732,91.04633489,bridge,10144,N1,xyz
145,1033,NaN,23.48176858,91.05134493,link,10145,N1,xyz
146,4.6,B,23.48174983,91.05635497,bridge,10146,N1,xyz
147,1169,NaN,23.48118146,91.06188237,link,10147,N1,xyz
148,1.5,A,23.48061309,91.06740977,bridge,10148,N1,xyz
149,1901,NaN,23.47914269,91.0760752,link,10149,N1,xyz
150,1,C,23.47767229,91.08474064,bridge,10150,N1,xyz
151,2567,NaN,23.4778941,91.09588692,link,10151,N1,xyz
152,3,B,23.4781159,91.10703321,bridge,10152,N1,xyz
153,1488,NaN,23.47876215,91.11546264,link,10153,N1,xyz
154,1.4,A,23.47940839,91.12389208,bridge,10154,N1,xyz
155,552,NaN,23.47947666,91.12646961,link,10155,N1,xyz
156,2.9,A,23.47954492,91.12904714,bridge,10156,N1,xyz
157,4724,NaN,23.46158944,91.13920698,link,10157,N1,xyz
158,23.4,A,23.44363396,91.14936682,bridge,10158,N1,xyz
159,3379,NaN,23.43244137,91.15863058,link,10159,N1,xyz
160,35.97,C,23.42124877,91.16789434,bridge,10160,N1,xyz
161,2508,NaN,23.4165906,91.18089866,link,10161,N1,xyz
162,27.35,C,23.41193242,91.19390298,bridge,10162,N1,xyz
163,3657,NaN,23.40479212,91.20866256,link,10163,N1,xyz
164,27.9,A,23.39765182,91.22342213,bridge,10164,N1,xyz
165,3681,NaN,23.3845083,91.23421984,link,10165,N1,xyz
166,30.48,A,23.37136478,91.24501754,bridge,10166,N1,xyz
167,2518,NaN,23.36176423,91.25115431,link,10167,N1,xyz
168,22.8,C,23.35216368,91.25729107,bridge,10168,N1,xyz
169,1297,NaN,23.34741757,91.26088836,link,10169,N1,xyz
170,14.3,A,23.34267147,91.26448564,bridge,10170,N1,xyz
171,1766,NaN,23.33640885,91.26968246,link,10171,N1,xyz
172,24,A,23.33014623,91.27487928,bridge,10172,N1,xyz
173,1606,NaN,23.32410796,91.27898301,link,10173,N1,xyz
174,9.2,A,23.31806969,91.28308673,bridge,10174,N1,xyz
175,1164,NaN,23.31321548,91.28483272,link,10175,N1,xyz
176,19.2,B,23.30836127,91.2865787,bridge,10176,N1,xyz
177,608,NaN,23.30589596,91.28777787,link,10177,N1,xyz
178,2.6,B,23.30343065,91.28897704,bridge,10178,N1,xyz
179,654,NaN,23.30069909,91.28999559,link,10179,N1,xyz
180,3.2,A,23.29796753,91.29101414,bridge,10180,N1,xyz
181,958,NaN,23.29383708,91.2919863,link,10181,N1,xyz
182,13.4,A,23.28970664,91.29295847,bridge,10182,N1,xyz
183,960,NaN,23.28595078,91.29481199,link,10183,N1,xyz
184,4.6,B,23.28219493,91.29666551,bridge,10184,N1,xyz
185,1248,NaN,23.27760694,91.29981585,link,10185,N1,xyz
186,6.3,B,23.27301895,91.30296619,bridge,10186,N1,xyz
187,1335,NaN,23.26742752,91.30499396,link,10187,N1,xyz
188,3,B,23.26183609,91.30702174,bridge,10188,N1,xyz
189,274,NaN,23.26062637,91.30719142,link,10189,N1,xyz
190,3,B,23.25941665,91.3073611,bridge,10190,N1,xyz
191,199,NaN,23.25852981,91.30748837,link,10191,N1,xyz
192,3.6,B,23.25764298,91.30761565,bridge,10192,N1,xyz
193,549,NaN,23.25519466,91.30800414,link,10193,N1,xyz
194,4.5,B,23.25274634,91.30839264,bridge,10194,N1,xyz
195,1013,NaN,23.24856893,91.30989793,link,10195,N1,xyz
196,2.5,B,23.24439151,91.31140323,bridge,10196,N1,xyz
197,182,NaN,23.24364779,91.31168859,link,10197,N1,xyz
198,19.2,B,23.24290406,91.31197395,bridge,10198,N1,xyz
199,358,NaN,23.24134805,91.31227402,link,10199,N1,xyz
200,2.6,A,23.23979203,91.31257409,bridge,10200,N1,xyz
201,422,NaN,23.23793399,91.31278214,link,10201,N1,xyz
202,2.5,A,23.23607595,91.3129902,bridge,10202,N1,xyz
203,807,NaN,23.23249777,91.31320613,link,10203,N1,xyz
204,3.1,B,23.22891959,91.31342207,bridge,10204,N1,xyz
205,334,NaN,23.22741902,91.31349589,link,10205,N1,xyz
206,2.6,B,23.22591845,91.31356972,bridge,10206,N1,xyz
207,438,NaN,23.22397617,91.31363516,link,10207,N1,xyz
208,6,A,23.2220339,91.31370059,bridge,10208,N1,xyz
209,1006,NaN,23.21761473,91.31452517,link,10209,N1,xyz
210,14.3,B,23.21319557,91.31534974,bridge,10210,N1,xyz
211,933,NaN,23.2091171,91.31583323,link,10211,N1,xyz
212,6.1,A,23.20503863,91.31631673,bridge,10212,N1,xyz
213,1036,NaN,23.20061371,91.31699362,link,10213,N1,xyz
214,6.1,A,23.1961888,91.31767051,bridge,10214,N1,xyz
215,1078,NaN,23.19181191,91.31928782,link,10215,N1,xyz
216,6.1,C,23.18743503,91.32090513,bridge,10216,N1,xyz
217,665,NaN,23.18461542,91.32089194,link,10217,N1,xyz
218,9.5,B,23.18179581,91.32087875,bridge,10218,N1,xyz
219,1064,NaN,23.17721152,91.32072811,link,10219,N1,xyz
220,3.1,B,23.17262723,91.32057746,bridge,10220,N1,xyz
221,1038,NaN,23.16807055,91.32108321,link,10221,N1,xyz
222,9.5,A,23.16351387,91.32158895,bridge,10222,N1,xyz
223,1225,NaN,23.15812518,91.32295341,link,10223,N1,xyz
224,6.3,B,23.15273649,91.32431788,bridge,10224,N1,xyz
225,1094,NaN,23.14820163,91.32549296,link,10225,N1,xyz
226,3.5,B,23.14366677,91.32666805,bridge,10226,N1,xyz
227,524,NaN,23.14132804,91.32651329,link,10227,N1,xyz
228,6.1,B,23.13898932,91.32635853,bridge,10228,N1,xyz
229,664,NaN,23.13612664,91.32695248,link,10229,N1,xyz
230,3,B,23.13326397,91.32754642,bridge,10230,N1,xyz
231,957,NaN,23.12925016,91.32896639,link,10231,N1,xyz
232,6.5,A,23.12523636,91.33038637,bridge,10232,N1,xyz
233,665,NaN,23.12246687,91.33160144,link,10233,N1,xyz
234,4.5,B,23.11969738,91.33281651,bridge,10234,N1,xyz
235,502,NaN,23.11776127,91.3339555,link,10235,N1,xyz
236,5.3,B,23.11582516,91.33509449,bridge,10236,N1,xyz
237,1076,NaN,23.1116268,91.33757201,link,10237,N1,xyz
238,6.1,A,23.10742845,91.34004954,bridge,10238,N1,xyz
239,718,NaN,23.10459238,91.34160627,link,10239,N1,xyz
240,3.1,B,23.10175632,91.343163,bridge,10240,N1,xyz
241,553,NaN,23.09955379,91.34432931,link,10241,N1,xyz
242,9.5,B,23.09735125,91.34549563,bridge,10242,N1,xyz
243,548,NaN,23.09519054,91.34666323,link,10243,N1,xyz
244,3.1,A,23.09302984,91.34783084,bridge,10244,N1,xyz
245,749,NaN,23.0900526,91.34952049,link,10245,N1,xyz
246,9.25,B,23.08707537,91.35121015,bridge,10246,N1,xyz
247,652,NaN,23.08453316,91.35269565,link,10247,N1,xyz
248,3.5,A,23.08199095,91.35418115,bridge,10248,N1,xyz
249,524,NaN,23.07997783,91.35539083,link,10249,N1,xyz
250,14.2,B,23.0779647,91.3566005,bridge,10250,N1,xyz
251,957,NaN,23.07408144,91.35845135,link,10251,N1,xyz
252,6.1,B,23.07019818,91.3603022,bridge,10252,N1,xyz
253,1097,NaN,23.06547276,91.36108233,link,10253,N1,xyz
254,4,B,23.06074733,91.36186246,bridge,10254,N1,xyz
255,2578,NaN,23.04936007,91.36377047,link,10255,N1,xyz
256,10.8,A,23.03797281,91.36567847,bridge,10256,N1,xyz
257,1262,NaN,23.03247646,91.36558948,link,10257,N1,xyz
258,1.6,A,23.02698012,91.36550048,bridge,10258,N1,xyz
259,2146,NaN,23.01969248,91.37174005,link,10259,N1,xyz
260,3.4,A,23.01240484,91.37797961,bridge,10260,N1,xyz
261,2357,NaN,23.0058268,91.38687741,link,10261,N1,xyz
262,1.5,A,22.99924876,91.3957752,bridge,10262,N1,xyz
263,855,NaN,22.99698842,91.39903235,link,10263,N1,xyz
264,23.4,A,22.99472808,91.40228949,bridge,10264,N1,xyz
265,23,NaN,22.99466085,91.4023717,link,10265,N1,xyz
266,22.15,A,22.99459361,91.40245391,bridge,10266,N1,xyz
267,321,NaN,22.99365527,91.4036013,link,10267,N1,xyz
268,1.9,A,22.99271694,91.4047487,bridge,10268,N1,xyz
269,5348,NaN,22.97708284,91.42387245,link,10269,N1,xyz
270,98.87,C,22.96144874,91.4429962,bridge,10270,N1,xyz
271,4188,NaN,22.9550263,91.46124779,link,10271,N1,xyz
272,1.5,A,22.94860387,91.47949938,bridge,10272,N1,xyz
273,2348,NaN,22.94910824,91.49078314,link,10273,N1,xyz
274,191.5,B,22.94961261,91.5020669,bridge,10274,N1,xyz
275,4804,NaN,22.93228866,91.51417822,link,10275,N1,xyz
276,222.43,A,22.91496471,91.52628954,bridge,10276,N1,xyz
277,642,NaN,22.9123388,91.52760902,link,10277,N1,xyz
278,6.1,A,22.90971289,91.5289285,bridge,10278,N1,xyz
279,654,NaN,22.90697959,91.53027914,link,10279,N1,xyz
280,3,A,22.9042463,91.53162978,bridge,10280,N1,xyz
281,1484,NaN,22.89794245,91.53355084,link,10281,N1,xyz
282,3,A,22.8916386,91.5354719,bridge,10282,N1,xyz
283,1970,NaN,22.88316865,91.53817778,link,10283,N1,xyz
284,4.3,A,22.87469869,91.54088366,bridge,10284,N1,xyz
285,241,NaN,22.87371036,91.54123977,link,10285,N1,xyz
286,2,A,22.87272203,91.54159588,bridge,10286,N1,xyz
287,551,NaN,22.8703892,91.54244611,link,10287,N1,xyz
288,1.5,A,22.86805637,91.54329633,bridge,10288,N1,xyz
289,829,NaN,22.86452203,91.54422575,link,10289,N1,xyz
290,4.3,A,22.86098769,91.54515517,bridge,10290,N1,xyz
291,174,NaN,22.86023624,91.54531759,link,10291,N1,xyz
292,2,A,22.85948479,91.54548,bridge,10292,N1,xyz
293,394,NaN,22.85777068,91.54559943,link,10293,N1,xyz
294,1.5,A,22.85605657,91.54571887,bridge,10294,N1,xyz
295,108,NaN,22.85560205,91.54577053,link,10295,N1,xyz
296,1.5,A,22.85514753,91.54582218,bridge,10296,N1,xyz
297,739,NaN,22.8518824,91.5460964,link,10297,N1,xyz
298,8.5,A,22.84861728,91.54637061,bridge,10298,N1,xyz
299,381,NaN,22.84700438,91.54691977,link,10299,N1,xyz
300,3,A,22.84539149,91.54746892,bridge,10300,N1,xyz
301,235,NaN,22.84442331,91.54780924,link,10301,N1,xyz
302,1.5,A,22.84345514,91.54814956,bridge,10302,N1,xyz
303,274,NaN,22.84227474,91.54847963,link,10303,N1,xyz
304,3,A,22.84109433,91.5488097,bridge,10304,N1,xyz
305,945,NaN,22.83692055,91.5494566,link,10305,N1,xyz
306,3,A,22.83274677,91.5501035,bridge,10306,N1,xyz
307,209,NaN,22.83185406,91.55030318,link,10307,N1,xyz
308,4.5,A,22.83096134,91.55050285,bridge,10308,N1,xyz
309,772,NaN,22.827666,91.5515972,link,10309,N1,xyz
310,12.4,C,22.82437066,91.55269155,bridge,10310,N1,xyz
311,1462,NaN,22.81796705,91.55447388,link,10311,N1,xyz
312,9.5,B,22.81156344,91.55625621,bridge,10312,N1,xyz
313,2116,NaN,22.80287239,91.55960874,link,10313,N1,xyz
314,4.5,A,22.79418135,91.56296126,bridge,10314,N1,xyz
315,1487,NaN,22.78818912,91.56603191,link,10315,N1,xyz
316,23.2,B,22.78219689,91.56910257,bridge,10316,N1,xyz
317,975,NaN,22.77819699,91.57098816,link,10317,N1,xyz
318,6,A,22.77419709,91.57287375,bridge,10318,N1,xyz
319,493,NaN,22.77222438,91.57398214,link,10319,N1,xyz
320,9.7,A,22.77025167,91.57509052,bridge,10320,N1,xyz
321,978,NaN,22.76665718,91.5777722,link,10321,N1,xyz
322,4,A,22.76306269,91.58045388,bridge,10322,N1,xyz
323,1358,NaN,22.75831401,91.58452715,link,10323,N1,xyz
324,12.9,A,22.75356532,91.58860042,bridge,10324,N1,xyz
325,404,NaN,22.75210234,91.58974223,link,10325,N1,xyz
326,3,A,22.75063935,91.59088404,bridge,10326,N1,xyz
327,784,NaN,22.7475765,91.59264196,link,10327,N1,xyz
328,8.1,B,22.74451365,91.59439989,bridge,10328,N1,xyz
329,2508,NaN,22.7339152,91.59841652,link,10329,N1,xyz
330,3,A,22.72331676,91.60243314,bridge,10330,N1,xyz
331,708,NaN,22.72057057,91.60409774,link,10331,N1,xyz
332,3,A,22.71782439,91.60576233,bridge,10332,N1,xyz
333,72,NaN,22.71754756,91.60593541,link,10333,N1,xyz
334,3,A,22.71727073,91.60610848,bridge,10334,N1,xyz
335,450,NaN,22.71557174,91.60717185,link,10335,N1,xyz
336,19.2,C,22.71387274,91.60823522,bridge,10336,N1,xyz
337,1527,NaN,22.70784462,91.61160434,link,10337,N1,xyz
338,19.2,A,22.7018165,91.61497346,bridge,10338,N1,xyz
339,1301,NaN,22.69653411,91.61757126,link,10339,N1,xyz
340,4.2,A,22.69125171,91.62016906,bridge,10340,N1,xyz
341,542,NaN,22.68906074,91.62110382,link,10341,N1,xyz
342,3.2,A,22.68686976,91.62203858,bridge,10342,N1,xyz
343,1199,NaN,22.68192353,91.62442776,link,10343,N1,xyz
344,6,A,22.6769773,91.62681695,bridge,10344,N1,xyz
345,849,NaN,22.67346837,91.62808506,link,10345,N1,xyz
346,3,A,22.66995944,91.62935317,bridge,10346,N1,xyz
347,503,NaN,22.66787167,91.63024126,link,10347,N1,xyz
348,3,A,22.6657839,91.63112936,bridge,10348,N1,xyz
349,537,NaN,22.66368979,91.63232755,link,10349,N1,xyz
350,3,A,22.66159568,91.63352574,bridge,10350,N1,xyz
351,887,NaN,22.65815406,91.63572596,link,10351,N1,xyz
352,3.1,A,22.65471243,91.63792618,bridge,10352,N1,xyz
353,465,NaN,22.65289169,91.63898015,link,10353,N1,xyz
354,4.6,A,22.65107095,91.64003412,bridge,10354,N1,xyz
355,456,NaN,22.64926353,91.64097562,link,10355,N1,xyz
356,12.4,A,22.64745611,91.64191712,bridge,10356,N1,xyz
357,1433,NaN,22.64177635,91.64506318,link,10357,N1,xyz
358,3,A,22.63609659,91.64820924,bridge,10358,N1,xyz
359,223,NaN,22.63521258,91.64870848,link,10359,N1,xyz
360,3,A,22.63432857,91.64920773,bridge,10360,N1,xyz
361,775,NaN,22.6312476,91.65098278,link,10361,N1,xyz
362,3,A,22.62816664,91.65275783,bridge,10362,N1,xyz
363,298,NaN,22.62699949,91.65347179,link,10363,N1,xyz
364,6.1,B,22.62583234,91.65418576,bridge,10364,N1,xyz
365,343,NaN,22.62443925,91.6548265,link,10365,N1,xyz
366,3,A,22.62304617,91.65546725,bridge,10366,N1,xyz
367,602,NaN,22.62040126,91.6567631,link,10367,N1,xyz
368,3,A,22.61775635,91.65805894,bridge,10368,N1,xyz
369,479,NaN,22.61637316,91.659163,link,10369,N1,xyz
370,4.6,A,22.61498997,91.66026705,bridge,10370,N1,xyz
371,436,NaN,22.61337282,91.66141786,link,10371,N1,xyz
372,3,A,22.61175567,91.66256867,bridge,10372,N1,xyz
373,1022,NaN,22.60779756,91.66497162,link,10373,N1,xyz
374,2.95,A,22.60383944,91.66737456,bridge,10374,N1,xyz
375,194,NaN,22.60309507,91.66785565,link,10375,N1,xyz
376,4.5,B,22.60235069,91.66833673,bridge,10376,N1,xyz
377,691,NaN,22.59975864,91.67007797,link,10377,N1,xyz
378,9.3,B,22.59716658,91.67181921,bridge,10378,N1,xyz
379,423,NaN,22.59552738,91.67285407,link,10379,N1,xyz
380,4.5,A,22.59388818,91.67388894,bridge,10380,N1,xyz
381,850,NaN,22.5904616,91.6754667,link,10381,N1,xyz
382,22.25,C,22.58703502,91.67704447,bridge,10382,N1,xyz
383,685,NaN,22.58427185,91.67829176,link,10383,N1,xyz
384,2.5,A,22.58150867,91.67953904,bridge,10384,N1,xyz
385,566,NaN,22.57915085,91.68058089,link,10385,N1,xyz
386,10.2,A,22.57679302,91.68162274,bridge,10386,N1,xyz
387,774,NaN,22.57354181,91.6828162,link,10387,N1,xyz
388,3,A,22.57029059,91.68400967,bridge,10388,N1,xyz
389,273,NaN,22.5691437,91.68434816,link,10389,N1,xyz
390,8.2,A,22.56799681,91.68468666,bridge,10390,N1,xyz
391,187,NaN,22.56720905,91.68493466,link,10391,N1,xyz
392,4.5,A,22.56642129,91.68518266,bridge,10392,N1,xyz
393,924,NaN,22.56247119,91.68634445,link,10393,N1,xyz
394,4.1,A,22.55852109,91.68750624,bridge,10394,N1,xyz
395,490,NaN,22.55642653,91.68815128,link,10395,N1,xyz
396,21.6,B,22.55433198,91.68879631,bridge,10396,N1,xyz
397,962,NaN,22.55055235,91.69071119,link,10397,N1,xyz
398,3,A,22.54677272,91.69262606,bridge,10398,N1,xyz
399,300,NaN,22.54563125,91.69337857,link,10399,N1,xyz
400,5.2,A,22.54448978,91.69413108,bridge,10400,N1,xyz
401,657,NaN,22.5417599,91.69533818,link,10401,N1,xyz
402,8.2,A,22.53903002,91.69654527,bridge,10402,N1,xyz
403,1050,NaN,22.53469891,91.6985047,link,10403,N1,xyz
404,3,A,22.5303678,91.70046412,bridge,10404,N1,xyz
405,903,NaN,22.52665186,91.70215037,link,10405,N1,xyz
406,16.3,B,22.52293592,91.70383662,bridge,10406,N1,xyz
407,1421,NaN,22.51714152,91.7063137,link,10407,N1,xyz
408,41.11,A,22.51134712,91.70879079,bridge,10408,N1,xyz
409,660,NaN,22.50868458,91.71003781,link,10409,N1,xyz
410,4.5,A,22.50602204,91.71128482,bridge,10410,N1,xyz
411,729,NaN,22.50305394,91.71271766,link,10411,N1,xyz
412,17.6,A,22.50008583,91.71415049,bridge,10412,N1,xyz
413,1181,NaN,22.49526322,91.71621158,link,10413,N1,xyz
414,3,B,22.4904406,91.71827267,bridge,10414,N1,xyz
415,565,NaN,22.4879943,91.71890181,link,10415,N1,xyz
416,4.5,A,22.48554801,91.71953095,bridge,10416,N1,xyz
417,499,NaN,22.48335611,91.71994716,link,10417,N1,xyz
418,23.2,B,22.48116421,91.72036336,bridge,10418,N1,xyz
419,986,NaN,22.47700865,91.72181336,link,10419,N1,xyz
420,6,A,22.47285309,91.72326335,bridge,10420,N1,xyz
421,1298,NaN,22.46764586,91.72589703,link,10421,N1,xyz
422,23.2,B,22.46243864,91.7285307,bridge,10422,N1,xyz
423,1632,NaN,22.45565074,91.73140654,link,10423,N1,xyz
424,3,A,22.44886285,91.73428239,bridge,10424,N1,xyz
425,330,NaN,22.44747109,91.73482491,link,10425,N1,xyz
426,26.3,C,22.44607933,91.73536743,bridge,10426,N1,xyz
427,1056,NaN,22.44179143,91.73701669,link,10427,N1,xyz
428,3,A,22.43750352,91.73866595,bridge,10428,N1,xyz
429,310,NaN,22.43628866,91.73915933,link,10429,N1,xyz
430,40,A,22.43507379,91.73965272,bridge,10430,N1,xyz
431,1649,NaN,22.42855767,91.74383685,link,10431,N1,xyz
432,35.1,B,22.42204155,91.74802098,bridge,10432,N1,xyz
433,2327,NaN,22.41252805,91.75229755,link,10433,N1,xyz
434,5,A,22.40301454,91.75657412,bridge,10434,N1,xyz
435,768,NaN,22.39967721,91.75741464,link,10435,N1,xyz
436,3,A,22.39633988,91.75825516,bridge,10436,N1,xyz
437,406,NaN,22.39452871,91.75867169,link,10437,N1,xyz
438,18,A,22.39271753,91.75908821,bridge,10438,N1,xyz
439,927,NaN,22.38898171,91.76079694,link,10439,N1,xyz
440,3,A,22.38524588,91.76250566,bridge,10440,N1,xyz
441,791,NaN,22.38247353,91.76477666,link,10441,N1,xyz
442,8.3,A,22.37970118,91.76704765,bridge,10442,N1,xyz
443,1045,NaN,22.37469266,91.77048676,link,10443,N1,xyz
444,3,A,22.36968413,91.77392587,bridge,10444,N1,Chittagong
445,10050,NaN,22.36479494,91.81309768,link,10445,N1,xyz
446,4.65,C,22.35990574,91.85226949,bridge,10446,N1,xyz
447,882,NaN,22.35608661,91.85244577,link,10447,N1,xyz
448,15.8,A,22.35226747,91.85262205,bridge,10448,N1,xyz
449,1469,NaN,22.34590341,91.8530046,link,10449,N1,xyz
450,38.4,B,22.33953935,91.85338716,bridge,10450,N1,xyz
451,489,NaN,22.33765334,91.85362043,link,10451,N1,xyz
452,39.4,B,22.33576732,91.85385369,bridge,10452,N1,xyz
453,119,NaN,22.33534133,91.8536258,link,10453,N1,xyz
454,48.5,A,22.33491534,91.8533979,bridge,10454,N1,xyz
455,1045,NaN,22.33078024,91.85307865,link,10455,N1,xyz
456,954.5,A,22.32664514,91.85275939,bridge,10456,N1,xyz
457,1617,NaN,22.31978582,91.85447065,link,10457,N1,xyz
458,17.3,A,22.31292651,91.85618192,bridge,10458,N1,xyz
459,862,NaN,22.30969213,91.85831547,link,10459,N1,xyz
460,15.2,C,22.30645776,91.86044903,bridge,10460,N1,xyz
461,541,NaN,22.30454065,91.86200686,link,10461,N1,xyz
462,3,A,22.30262355,91.8635647,bridge,10462,N1,xyz
463,308,NaN,22.30145434,91.86443136,link,10463,N1,xyz
464,5.7,B,22.30028513,91.86529803,bridge,10464,N1,xyz
465,326,NaN,22.29891008,91.86583053,link,10465,N1,xyz
466,3,A,22.29753503,91.86636303,bridge,10466,N1,xyz
467,541,NaN,22.29538583,91.86739955,link,10467,N1,xyz
468,1.5,A,22.29323663,91.86843607,bridge,10468,N1,xyz
469,304,NaN,22.29243939,91.8693636,link,10469,N1,xyz
470,3,A,22.29164214,91.87029114,bridge,10470,N1,xyz
471,322,NaN,22.29212504,91.87165563,link,10471,N1,xyz
472,3,A,22.29260793,91.87302012,bridge,10472,N1,xyz
473,440,NaN,22.29353664,91.87486904,link,10473,N1,xyz
474,3,A,22.29446535,91.87671797,bridge,10474,N1,xyz
475,257,NaN,22.29536761,91.87873539,link,10475,N1,xyz
476,116.13,A,22.29626987,91.8807528,bridge,10476,N1,xyz
477,968,NaN,22.2975534,91.88405204,link,10477,N1,xyz
478,3,B,22.29883692,91.88735128,bridge,10478,N1,xyz
479,1271,NaN,22.30046975,91.89330478,link,10479,N1,xyz
480,3.1,B,22.30210258,91.89925828,bridge,10480,N1,xyz
481,556,NaN,22.30281956,91.9018405,link,10481,N1,xyz
482,3,A,22.30353655,91.90442272,bridge,10482,N1,xyz
483,1172,NaN,22.30592777,91.90931901,link,10483,N1,xyz
484,3,A,22.30831899,91.9142153,bridge,10484,N1,xyz
485,873,NaN,22.31103684,91.91726647,link,10485,N1,xyz
486,3,A,22.31375468,91.92031764,bridge,10486,N1,xyz
487,512,NaN,22.31475075,91.92233503,link,10487,N1,xyz
488,3,A,22.31574681,91.92435241,bridge,10488,N1,xyz
489,1050,NaN,22.31475168,91.92916782,link,10489,N1,xyz
490,5.3,A,22.31375656,91.93398323,bridge,10490,N1,xyz
491,1855,NaN,22.31109799,91.94118596,link,10491,N1,xyz
492,3,A,22.30843941,91.9483887,bridge,10492,N1,xyz
493,2321,NaN,22.30452051,91.95711724,link,10493,N1,xyz
494,50.3,B,22.3006016,91.96584577,bridge,10494,N1,xyz
495,2253,NaN,22.2958734,91.9746063,link,10495,N1,xyz
496,12.4,A,22.2911452,91.98336683,bridge,10496,N1,xyz
497,1114,NaN,22.28853861,91.98783801,link,10497,N1,xyz
498,61,B,22.28593202,91.9923092,bridge,10498,N1,xyz
499,941,NaN,22.28353724,91.99593318,link,10499,N1,xyz
500,14,B,22.28114247,91.99955717,bridge,10500,N1,xyz
501,1394,NaN,22.27611602,92.00257721,link,10501,N1,xyz
502,3,A,22.27108957,92.00559725,bridge,10502,N1,xyz
503,1136,NaN,22.26612547,92.00645042,link,10503,N1,xyz
504,15.2,B,22.26116137,92.00730358,bridge,10504,N1,xyz
505,245,NaN,22.26010648,92.00770735,link,10505,N1,xyz
506,9.8,C,22.25905159,92.00811112,bridge,10506,N1,xyz
507,522,NaN,22.25699453,92.00920663,link,10507,N1,xyz
508,9.2,A,22.25493748,92.01030213,bridge,10508,N1,xyz
509,269,NaN,22.25402872,92.011137,link,10509,N1,xyz
510,6,A,22.25311996,92.01197187,bridge,10510,N1,xyz
511,652,NaN,22.25091649,92.01390299,link,10511,N1,xyz
512,9.4,A,22.24871301,92.0158341,bridge,10512,N1,xyz
513,1248,NaN,22.24454959,92.01881297,link,10513,N1,xyz
514,14,A,22.24038616,92.02179183,bridge,10514,N1,xyz
515,466,NaN,22.23851036,92.02252829,link,10515,N1,xyz
516,14,A,22.23663455,92.02326475,bridge,10516,N1,xyz
517,652,NaN,22.23406619,92.02411521,link,10517,N1,xyz
518,12.7,B,22.23149782,92.02496566,bridge,10518,N1,xyz
519,435,NaN,22.22877934,92.02571535,link,10519,N1,xyz
520,9.4,B,22.22606085,92.02646504,bridge,10520,N1,xyz
521,435,NaN,22.22416642,92.02692182,link,10521,N1,xyz
522,14,A,22.22227199,92.0273786,bridge,10522,N1,xyz
523,782,NaN,22.21892967,92.02820082,link,10523,N1,xyz
524,9.2,A,22.21558735,92.02902304,bridge,10524,N1,xyz
525,1283,NaN,22.211345,92.03267775,link,10525,N1,xyz
526,50.4,C,22.20710265,92.03633247,bridge,10526,N1,xyz
527,338,NaN,22.20604321,92.03733185,link,10527,N1,xyz
528,9.2,B,22.20498376,92.03833123,bridge,10528,N1,xyz
529,4018,NaN,22.18945083,92.04581189,link,10529,N1,xyz
530,12.3,B,22.1739179,92.05329254,bridge,10530,N1,xyz
531,2695,NaN,22.16627259,92.06074943,link,10531,N1,xyz
532,211,B,22.15862728,92.06820631,bridge,10532,N1,xyz
533,1140,NaN,22.1542398,92.06891969,link,10533,N1,xyz
534,9.2,A,22.14985231,92.06963307,bridge,10534,N1,xyz
535,1446,NaN,22.14340227,92.0697816,link,10535,N1,xyz
536,12.4,A,22.13695223,92.06993013,bridge,10536,N1,xyz
537,500,NaN,22.13473654,92.07004333,link,10537,N1,xyz
538,15.4,A,22.13252084,92.07015654,bridge,10538,N1,xyz
539,298,NaN,22.13121844,92.0703795,link,10539,N1,xyz
540,33.65,A,22.12991603,92.07060247,bridge,10540,N1,xyz
541,253,NaN,22.12882491,92.07080185,link,10541,N1,xyz
542,27.9,A,22.1277338,92.07100123,bridge,10542,N1,xyz
543,513,NaN,22.1254057,92.07135114,link,10543,N1,xyz
544,15.4,A,22.1230776,92.07170105,bridge,10544,N1,xyz
545,343,NaN,22.12178255,92.07183578,link,10545,N1,xyz
546,20.4,A,22.1204875,92.07197051,bridge,10546,N1,xyz
547,842,NaN,22.11691999,92.07232871,link,10547,N1,xyz
548,5,A,22.11335249,92.0726869,bridge,10548,N1,xyz
549,1560,NaN,22.10581553,92.07374366,link,10549,N1,xyz
550,7.2,A,22.09827857,92.07480042,bridge,10550,N1,xyz
551,830,NaN,22.09592804,92.07765261,link,10551,N1,xyz
552,11.2,A,22.0935775,92.0805048,bridge,10552,N1,xyz
553,1707,NaN,22.08882217,92.08685087,link,10553,N1,xyz
554,2,A,22.08406683,92.09319694,bridge,10554,N1,xyz
555,708,NaN,22.08229372,92.09584123,link,10555,N1,xyz
556,12.6,A,22.08052061,92.09848553,bridge,10556,N1,xyz
557,1400,NaN,22.07504034,92.10138048,link,10557,N1,xyz
558,30.3,A,22.06956008,92.10427542,bridge,10558,N1,xyz
559,236,NaN,22.06873502,92.10491421,link,10559,N1,xyz
560,2,A,22.06790996,92.105553,bridge,10560,N1,xyz
561,525,NaN,22.06583334,92.10632956,link,10561,N1,xyz
562,38.5,A,22.06375672,92.10710611,bridge,10562,N1,xyz
563,330,NaN,22.06232143,92.10741974,link,10563,N1,xyz
564,2.5,A,22.06088615,92.10773337,bridge,10564,N1,xyz
565,510,NaN,22.05869563,92.10840941,link,10565,N1,xyz
566,8.2,A,22.05650512,92.10908546,bridge,10566,N1,xyz
567,512,NaN,22.05421738,92.10907342,link,10567,N1,xyz
568,12.6,A,22.05192964,92.10906139,bridge,10568,N1,xyz
569,387,NaN,22.05015048,92.10862762,link,10569,N1,xyz
570,6,A,22.04837132,92.10819385,bridge,10570,N1,xyz
571,535,NaN,22.04623379,92.1076284,link,10571,N1,xyz
572,13.64,A,22.04409626,92.10706295,bridge,10572,N1,xyz
573,836,NaN,22.04084305,92.10552603,link,10573,N1,xyz
574,2.5,A,22.03758985,92.10398911,bridge,10574,N1,xyz
575,652,NaN,22.03472737,92.10405689,link,10575,N1,xyz
576,2.5,A,22.03186488,92.10412467,bridge,10576,N1,xyz
577,377,NaN,22.03028312,92.103777,link,10577,N1,xyz
578,68.8,A,22.02870136,92.10342933,bridge,10578,N1,xyz
579,322,NaN,22.02735296,92.10306304,link,10579,N1,xyz
580,2,A,22.02600455,92.10269674,bridge,10580,N1,xyz
581,650,NaN,22.02325129,92.10206226,link,10581,N1,xyz
582,10,A,22.02049803,92.10142777,bridge,10582,N1,xyz
583,1831,NaN,22.01415904,92.09710217,link,10583,N1,xyz
584,3,A,22.00782005,92.09277658,bridge,10584,N1,xyz
585,492,NaN,22.00599633,92.09167261,link,10585,N1,xyz
586,12.6,A,22.00417261,92.09056863,bridge,10586,N1,xyz
587,508,NaN,22.00230113,92.08944401,link,10587,N1,xyz
588,6.2,A,22.00042964,92.08831938,bridge,10588,N1,xyz
589,545,NaN,21.9981328,92.08788914,link,10589,N1,xyz
590,3,A,21.99583596,92.08745891,bridge,10590,N1,xyz
591,11,NaN,21.99578848,92.08745249,link,10591,N1,xyz
592,12.4,A,21.995741,92.08744606,bridge,10592,N1,xyz
593,424,NaN,21.99398722,92.08690214,link,10593,N1,xyz
594,58.5,A,21.99223344,92.08635821,bridge,10594,N1,xyz
595,232,NaN,21.99125684,92.08602209,link,10595,N1,xyz
596,14.2,A,21.99028024,92.08568597,bridge,10596,N1,xyz
597,408,NaN,21.98866056,92.08484017,link,10597,N1,xyz
598,24.2,A,21.98704087,92.08399437,bridge,10598,N1,xyz
599,670,NaN,21.98447246,92.08238385,link,10599,N1,xyz
600,22.5,A,21.98190404,92.08077333,bridge,10600,N1,xyz
601,267,NaN,21.9811832,92.07982248,link,10601,N1,xyz
602,18.7,A,21.98046236,92.07887163,bridge,10602,N1,xyz
603,345,NaN,21.97988047,92.07736043,link,10603,N1,xyz
604,3.5,A,21.97929857,92.07584923,bridge,10604,N1,xyz
605,1090,NaN,21.97658349,92.07208485,link,10605,N1,xyz
606,2.5,A,21.9738684,92.06832048,bridge,10606,N1,xyz
607,752,NaN,21.97141326,92.0662353,link,10607,N1,xyz
608,1.5,A,21.96895812,92.06415011,bridge,10608,N1,xyz
609,671,NaN,21.96558599,92.06373349,link,10609,N1,xyz
610,22.4,A,21.96221386,92.06331688,bridge,10610,N1,xyz
611,386,NaN,21.96072698,92.064298,link,10611,N1,xyz
612,8.2,A,21.95924011,92.06527913,bridge,10612,N1,xyz
613,317,NaN,21.95863614,92.06583621,link,10613,N1,xyz
614,3,A,21.95803216,92.06639328,bridge,10614,N1,xyz
615,616,NaN,21.95505585,92.06710355,link,10615,N1,xyz
616,22.4,A,21.95207954,92.06781381,bridge,10616,N1,xyz
617,752,NaN,21.94873946,92.06737123,link,10617,N1,xyz
618,1.4,A,21.94539937,92.06692866,bridge,10618,N1,xyz
619,1163,NaN,21.94071419,92.06473569,link,10619,N1,xyz
620,4.5,A,21.93602902,92.06254272,bridge,10620,N1,xyz
621,252,NaN,21.93498723,92.06210444,link,10621,N1,xyz
622,9.3,A,21.93394544,92.06166615,bridge,10622,N1,xyz
623,216,NaN,21.93312706,92.06123356,link,10623,N1,xyz
624,4.5,A,21.93230867,92.06080096,bridge,10624,N1,xyz
625,255,NaN,21.93134496,92.0602425,link,10625,N1,xyz
626,4.7,A,21.93038125,92.05968404,bridge,10626,N1,xyz
627,1338,NaN,21.92414661,92.05971017,link,10627,N1,xyz
628,2,A,21.91791196,92.0597363,bridge,10628,N1,xyz
629,197,NaN,21.91733556,92.05986312,link,10629,N1,xyz
630,3,A,21.91675917,92.05998993,bridge,10630,N1,xyz
631,358,NaN,21.91541594,92.06026857,link,10631,N1,xyz
632,4,A,21.91407272,92.06054721,bridge,10632,N1,xyz
633,507,NaN,21.91184782,92.06055667,link,10633,N1,xyz
634,9.2,A,21.90962291,92.06056613,bridge,10634,N1,xyz
635,1992,NaN,21.90032328,92.0601336,link,10635,N1,xyz
636,13.64,A,21.89102365,92.05970108,bridge,10636,N1,xyz
637,1109,NaN,21.88612259,92.05935131,link,10637,N1,xyz
638,9.3,A,21.88122152,92.05900154,bridge,10638,N1,xyz
639,686,NaN,21.87817063,92.05905569,link,10639,N1,xyz
640,3,A,21.87511974,92.05910984,bridge,10640,N1,xyz
641,1393,NaN,21.86897744,92.05929736,link,10641,N1,xyz
642,3,A,21.86283514,92.05948487,bridge,10642,N1,xyz
643,324,NaN,21.86140386,92.05983779,link,10643,N1,xyz
644,56.4,A,21.85997258,92.06019071,bridge,10644,N1,xyz
645,792,NaN,21.85645068,92.06057416,link,10645,N1,xyz
646,14.3,A,21.85292879,92.06095762,bridge,10646,N1,xyz
647,231,NaN,21.85189416,92.06095338,link,10647,N1,xyz
648,2.1,A,21.85085953,92.06094913,bridge,10648,N1,xyz
649,964,NaN,21.8469148,92.0622738,link,10649,N1,xyz
650,4.5,A,21.84297007,92.06359846,bridge,10650,N1,xyz
651,323,NaN,21.84168182,92.06426551,link,10651,N1,xyz
652,3,A,21.84039357,92.06493255,bridge,10652,N1,xyz
653,796,NaN,21.83724844,92.06660307,link,10653,N1,xyz
654,15.8,A,21.83410332,92.06827359,bridge,10654,N1,xyz
655,712,NaN,21.83106457,92.06978857,link,10655,N1,xyz
656,7.3,A,21.82802582,92.07130355,bridge,10656,N1,xyz
657,276,NaN,21.8269045,92.07182509,link,10657,N1,xyz
658,46,A,21.82578318,92.07234663,bridge,10658,N1,xyz
659,546,NaN,21.82346303,92.07318338,link,10659,N1,xyz
660,12.4,A,21.82114288,92.07402014,bridge,10660,N1,xyz
661,337,NaN,21.81965607,92.07398219,link,10661,N1,xyz
662,14,A,21.81816926,92.07394424,bridge,10662,N1,xyz
663,1822,NaN,21.81079653,92.07558822,link,10663,N1,xyz
664,14,A,21.8034238,92.07723221,bridge,10664,N1,xyz
665,1772,NaN,21.79563891,92.07804311,link,10665,N1,xyz
666,20.6,A,21.78785401,92.07885401,bridge,10666,N1,xyz
667,97,NaN,21.78742575,92.07890166,link,10667,N1,xyz
668,21,A,21.78699748,92.07894932,bridge,10668,N1,xyz
669,318,NaN,21.78559641,92.07909593,link,10669,N1,xyz
670,14.2,B,21.78419533,92.07924254,bridge,10670,N1,xyz
671,1432,NaN,21.77886463,92.0815785,link,10671,N1,xyz
672,15.7,A,21.77353392,92.08391447,bridge,10672,N1,xyz
673,328,NaN,21.77256413,92.08301221,link,10673,N1,xyz
674,300,C,21.77159434,92.08210995,bridge,10674,N1,xyz
675,3933,NaN,21.75587048,92.08236716,link,10675,N1,xyz
676,9.3,B,21.74014662,92.08262437,bridge,10676,N1,xyz
677,188,NaN,21.73935477,92.082906,link,10677,N1,xyz
678,14,A,21.73856292,92.08318763,bridge,10678,N1,xyz
679,674,NaN,21.73558489,92.08346823,link,10679,N1,xyz
680,5.2,A,21.73260686,92.08374883,bridge,10680,N1,xyz
681,183,NaN,21.73179735,92.08378224,link,10681,N1,xyz
682,38.8,A,21.73098783,92.08381564,bridge,10682,N1,xyz
683,782,NaN,21.72753088,92.0836799,link,10683,N1,xyz
684,12.6,A,21.72407393,92.08354415,bridge,10684,N1,xyz
685,1840,NaN,21.71666266,92.0821096,link,10685,N1,xyz
686,12.8,A,21.70925138,92.08067506,bridge,10686,N1,xyz
687,789,NaN,21.70604071,92.07966034,link,10687,N1,xyz
688,9.3,A,21.70283004,92.07864563,bridge,10688,N1,xyz
689,3122,NaN,21.68955466,92.07772655,link,10689,N1,xyz
690,59.6,A,21.67627929,92.07680747,bridge,10690,N1,xyz
691,473,NaN,21.67419213,92.07660336,link,10691,N1,xyz
692,14,A,21.67210496,92.07639925,bridge,10692,N1,xyz
693,966,NaN,21.6675227,92.07573545,link,10693,N1,xyz
694,3.5,A,21.66294044,92.07507165,bridge,10694,N1,xyz
695,322,NaN,21.66149737,92.07508711,link,10695,N1,xyz
696,54.4,A,21.6600543,92.07510257,bridge,10696,N1,xyz
697,1061,NaN,21.65545518,92.07433224,link,10697,N1,xyz
698,61,C,21.65085607,92.07356192,bridge,10698,N1,xyz
699,319,NaN,21.64947041,92.07344557,link,10699,N1,xyz
700,4.5,A,21.64808476,92.07332922,bridge,10700,N1,xyz
701,3181,NaN,21.63530997,92.07351635,link,10701,N1,xyz
702,1.45,B,21.62253519,92.07370348,bridge,10702,N1,xyz
703,667,NaN,21.62045592,92.07143741,link,10703,N1,xyz
704,44.55,A,21.61837666,92.06917134,bridge,10704,N1,xyz
705,915,NaN,21.61244781,92.0657392,link,10705,N1,xyz
706,7,A,21.60651897,92.06230707,bridge,10706,N1,xyz
707,316,NaN,21.60584714,92.06221344,link,10707,N1,xyz
708,5.2,A,21.60517531,92.06211981,bridge,10708,N1,xyz
709,638,NaN,21.60188442,92.06196052,link,10709,N1,xyz
710,9.3,A,21.59859353,92.06180124,bridge,10710,N1,xyz
711,436,NaN,21.59733361,92.06160539,link,10711,N1,xyz
712,14,A,21.5960737,92.06140954,bridge,10712,N1,xyz
713,577,NaN,21.59275234,92.06222045,link,10713,N1,xyz
714,1.4,A,21.58943097,92.06303135,bridge,10714,N1,xyz
715,521,NaN,21.58851689,92.06396807,link,10715,N1,xyz
716,4.5,C,21.5876028,92.06490479,bridge,10716,N1,xyz
717,532,NaN,21.58533846,92.06531032,link,10717,N1,xyz
718,2.5,A,21.58307413,92.06571585,bridge,10718,N1,xyz
719,1045,NaN,21.57874082,92.06823026,link,10719,N1,xyz
720,12.4,A,21.57440752,92.07074467,bridge,10720,N1,xyz
721,1522,NaN,21.56836384,92.0702793,link,10721,N1,xyz
722,9.5,A,21.56232017,92.06981393,bridge,10722,N1,xyz
723,256,NaN,21.56131221,92.06948076,link,10723,N1,xyz
724,4.8,A,21.56030426,92.0691476,bridge,10724,N1,xyz
725,114,NaN,21.55989676,92.06904785,link,10725,N1,xyz
726,7,A,21.55948925,92.0689481,bridge,10726,N1,xyz
727,633,NaN,21.55745743,92.06844921,link,10727,N1,xyz
728,46,A,21.55542561,92.06795032,bridge,10728,N1,xyz
729,766,NaN,21.55124611,92.06742285,link,10729,N1,xyz
730,44.63,A,21.54706661,92.06689538,bridge,10730,N1,xyz
731,2315,NaN,21.53629817,92.0661103,link,10731,N1,xyz
732,14,A,21.52552974,92.06532522,bridge,10732,N1,xyz
733,206,NaN,21.52463148,92.06544999,link,10733,N1,xyz
734,8,A,21.52373323,92.06557476,bridge,10734,N1,xyz
735,339,NaN,21.52225208,92.06585941,link,10735,N1,xyz
736,15.4,A,21.52077094,92.06614406,bridge,10736,N1,xyz
737,153,NaN,21.52013987,92.06640935,link,10737,N1,xyz
738,5,A,21.51950881,92.06667463,bridge,10738,N1,xyz
739,708,NaN,21.51662539,92.06800776,link,10739,N1,xyz
740,3,A,21.51374197,92.06934089,bridge,10740,N1,xyz
741,417,NaN,21.51209084,92.07010077,link,10741,N1,xyz
742,2.5,A,21.5104397,92.07086066,bridge,10742,N1,xyz
743,523,NaN,21.50847331,92.07208165,link,10743,N1,xyz
744,7.5,A,21.50650693,92.07330264,bridge,10744,N1,xyz
745,198,NaN,21.50581944,92.07387395,link,10745,N1,xyz
746,12.4,A,21.50513194,92.07444526,bridge,10746,N1,xyz
747,1167,NaN,21.50044272,92.07606192,link,10747,N1,xyz
748,14,A,21.49575349,92.07767859,bridge,10748,N1,xyz
749,128,NaN,21.4953115,92.07800664,link,10749,N1,xyz
750,14.1,A,21.49486951,92.0783347,bridge,10750,N1,xyz
751,2796,NaN,21.48654129,92.08652494,link,10751,N1,xyz
752,7.2,A,21.47821307,92.09471518,bridge,10752,N1,xyz
753,382,NaN,21.47686476,92.09575091,link,10753,N1,xyz
754,14,A,21.47551645,92.09678665,bridge,10754,N1,xyz
755,238,NaN,21.47468054,92.09739962,link,10755,N1,xyz
756,3,A,21.47384463,92.09801259,bridge,10756,N1,xyz
757,529,NaN,21.47195008,92.0993264,link,10757,N1,xyz
758,57.6,A,21.47005553,92.10064022,bridge,10758,N1,xyz
759,574,NaN,21.46779853,92.10164846,link,10759,N1,xyz
760,14,B,21.46554153,92.10265669,bridge,10760,N1,xyz
761,2096,NaN,21.45804923,92.10106242,link,10761,N1,xyz
762,9.2,A,21.45055694,92.09946814,bridge,10762,N1,xyz
763,841,NaN,21.44697175,92.10036801,link,10763,N1,xyz
764,1.5,A,21.44338656,92.10126788,bridge,10764,N1,xyz
765,208,NaN,21.44261277,92.10098812,link,10765,N1,xyz
766,58.6,A,21.44183897,92.10070836,bridge,10766,N1,xyz
767,582,NaN,21.43951996,92.09953781,link,10767,N1,xyz
768,3,A,21.43720096,92.09836727,bridge,10768,N1,xyz
769,352,NaN,21.43570471,92.09781399,link,10769,N1,xyz
770,2.5,A,21.43420846,92.09726071,bridge,10770,N1,xyz
771,410,NaN,21.43250861,92.0966895,link,10771,N1,xyz
772,7.2,A,21.43080876,92.09611829,bridge,10772,N1,xyz
773,232,NaN,21.4298244,92.09575484,link,10773,N1,xyz
774,3.5,A,21.42884003,92.09539139,bridge,10774,N1,xyz
775,174,NaN,21.42859581,92.09473141,link,10775,N1,xyz
776,12.8,A,21.4283516,92.09407143,bridge,10776,N1,xyz
777,483,NaN,21.42812379,92.09176112,link,10777,N1,xyz
778,18.8,A,21.42789598,92.08945082,bridge,10778,N1,Cox's Bazer
779,574,NaN,21.42750118,92.08673832,link,10779,N1,xyz
780,8.2,A,21.42710638,92.08402582,bridge,10780,N1,xyz
781,380,NaN,21.42694055,92.08223428,link,10781,N1,xyz
782,7.4,A,21.42677471,92.08044274,bridge,10782,N1,xyz
783,381,NaN,21.42662316,92.07860992,link,10783,N1,xyz
784,12.4,A,21.4264716,92.0767771,bridge,10784,N1,xyz
785,646,NaN,21.42691852,92.07383529,link,10785,N1,xyz
786,9.4,A,21.42736545,92.07089348,bridge,10786,N1,xyz
787,869,NaN,21.42727072,92.06716834,link,10787,N1,xyz
788,2,A,21.427176,92.06344319,bridge,10788,N1,xyz
789,258,NaN,21.42724247,92.06225443,link,10789,N1,xyz
790,6.8,A,21.42730894,92.06106567,bridge,10790,N1,xyz
791,330,NaN,21.42757219,92.05951653,link,10791,N1,xyz
792,16.6,A,21.42783545,92.05796739,bridge,10792,N1,xyz
793,234,NaN,21.42793257,92.05686221,link,10793,N1,xyz
794,18.6,A,21.42802968,92.05575704,bridge,10794,N1,xyz
795,267,NaN,21.42804409,92.0544926,link,10795,N1,xyz
796,7.2,A,21.42805849,92.05322817,bridge,10796,N1,xyz
797,472,NaN,21.4277915,92.05093819,link,10797,N1,xyz
798,13,A,21.4275245,92.04864822,bridge,10798,N1,xyz
799,512,NaN,21.42848486,92.04651447,link,10799,N1,xyz
800,10.9,A,21.42944521,92.04438072,bridge,10800,N1,xyz
801,500,NaN,21.42961681,92.04198764,link,10801,N1,xyz
802,9.2,A,21.4297884,92.03959457,bridge,10802,N1,xyz
803,842,NaN,21.42959588,92.03574166,link,10803,N1,xyz
804,148.5,A,21.42940336,92.03188875,bridge,10804,N1,xyz
805,269,NaN,21.42986457,92.03075472,link,10805,N1,xyz
806,3.5,A,21.43032578,92.0296207,bridge,10806,N1,xyz
807,144,NaN,21.43023985,92.0289821,link,10807,N1,xyz
808,10.3,A,21.43015392,92.0283435,bridge,10808,N1,xyz
809,615,NaN,21.42832627,92.02611345,link,10809,N1,xyz
810,9,A,21.42649862,92.02388341,bridge,10810,N1,xyz
811,611,NaN,21.42478084,92.02533568,link,10811,N1,xyz
812,4.5,C,21.42306306,92.02678796,bridge,10812,N1,xyz
813,70,NaN,21.42286761,92.02704021,link,10813,N1,xyz
814,11.3,C,21.42267217,92.02729245,bridge,10814,N1,xyz
815,594,NaN,21.42103698,92.02948768,link,10815,N1,xyz
816,2.4,C,21.41940178,92.03168291,bridge,10816,N1,xyz
817,449,NaN,21.41821251,92.03320449,link,10817,N1,xyz
818,7.2,B,21.41702324,92.03472607,bridge,10818,N1,xyz
819,171,NaN,21.41657,92.03533089,link,10819,N1,xyz
820,8.1,C,21.41611676,92.03593571,bridge,10820,N1,xyz
821,363,NaN,21.41518835,92.0373047,link,10821,N1,xyz
822,10.9,A,21.41425993,92.03867369,bridge,10822,N1,xyz
823,369,NaN,21.41337839,92.03910027,link,10823,N1,xyz
824,8.3,A,21.41249684,92.03952685,bridge,10824,N1,xyz
825,357,NaN,21.41174989,92.0419324,link,10825,N1,xyz
826,8.3,B,21.41100293,92.04433796,bridge,10826,N1,xyz
827,430,NaN,21.41062589,92.04618732,link,10827,N1,xyz
828,2.2,B,21.41024886,92.04803668,bridge,10828,N1,xyz
829,190,NaN,21.41027352,92.04884945,link,10829,N1,xyz
830,8.2,A,21.41029819,92.04966222,bridge,10830,N1,xyz
831,259,NaN,21.41011093,92.05077533,link,10831,N1,xyz
832,1.9,A,21.40992368,92.05188844,bridge,10832,N1,xyz
833,377,NaN,21.4093818,92.05345613,link,10833,N1,xyz
834,3,A,21.40883992,92.05502381,bridge,10834,N1,xyz
835,166,NaN,21.40839866,92.05551815,link,10835,N1,xyz
836,2.8,A,21.40795741,92.05601249,bridge,10836,N1,xyz
837,290,NaN,21.40715906,92.05702964,link,10837,N1,xyz
838,10,D,21.40636071,92.05804678,bridge,10838,N1,xyz
839,424,NaN,21.40525532,92.05994274,link,10839,N1,xyz
840,1.6,A,21.40414992,92.0618387,bridge,10840,N1,xyz
841,474,NaN,21.40307965,92.06328966,link,10841,N1,xyz
842,3.6,A,21.40200937,92.06474063,bridge,10842,N1,xyz
843,262,NaN,21.40109864,92.06541177,link,10843,N1,xyz
844,8,C,21.4001879,92.06608292,bridge,10844,N1,xyz
845,168,NaN,21.3994869,92.06630473,link,10845,N1,xyz
846,1.3,C,21.3987859,92.06652655,bridge,10846,N1,xyz
847,445,NaN,21.39690016,92.06705748,link,10847,N1,xyz
848,8.3,A,21.39501442,92.06758841,bridge,10848,N1,xyz
849,485,NaN,21.39293497,92.06803206,link,10849,N1,xyz
850,22,C,21.39085551,92.0684757,bridge,10850,N1,xyz
851,237,NaN,21.38983036,92.068719,link,10851,N1,xyz
852,2.7,C,21.3888052,92.0689623,bridge,10852,N1,xyz
853,168,NaN,21.38812952,92.06933929,link,10853,N1,xyz
854,2.7,B,21.38745385,92.06971629,bridge,10854,N1,xyz
855,153,NaN,21.38683622,92.07000239,link,10855,N1,xyz
856,2.9,C,21.3862186,92.07028849,bridge,10856,N1,xyz
857,70,NaN,21.38592987,92.0703714,link,10857,N1,xyz
858,1.8,C,21.38564113,92.07045432,bridge,10858,N1,xyz
859,145,NaN,21.3850238,92.07048833,link,10859,N1,xyz
860,2.8,B,21.38440646,92.07052234,bridge,10860,N1,xyz
861,157,NaN,21.38375577,92.07070163,link,10861,N1,xyz
862,1.8,B,21.38310508,92.07088092,bridge,10862,N1,xyz
863,24,NaN,21.38300637,92.070916,link,10863,N1,xyz
864,1.7,A,21.38290767,92.07095108,bridge,10864,N1,xyz
865,256,NaN,21.38187496,92.07097468,link,10865,N1,xyz
866,0.8,A,21.38084224,92.07099827,bridge,10866,N1,xyz
867,146,NaN,21.38023051,92.07080565,link,10867,N1,xyz
868,1.5,B,21.37961878,92.07061304,bridge,10868,N1,xyz
869,40,NaN,21.37946579,92.07055221,link,10869,N1,xyz
870,1.5,A,21.3793128,92.07049139,bridge,10870,N1,xyz
871,175,NaN,21.37858195,92.0704231,link,10871,N1,xyz
872,2.2,C,21.37785109,92.07035482,bridge,10872,N1,xyz
873,148,NaN,21.37736966,92.07073858,link,10873,N1,xyz
874,1.5,A,21.37688823,92.07112233,bridge,10874,N1,xyz
875,95,NaN,21.37658376,92.07143408,link,10875,N1,xyz
876,3,A,21.37627929,92.07174583,bridge,10876,N1,xyz
877,214,NaN,21.37568217,92.07238707,link,10877,N1,xyz
878,2.4,C,21.37508506,92.0730283,bridge,10878,N1,xyz
879,150,NaN,21.37481115,92.07354491,link,10879,N1,xyz
880,1.3,A,21.37453724,92.07406151,bridge,10880,N1,xyz
881,89,NaN,21.37445863,92.07446163,link,10881,N1,xyz
882,1.3,A,21.37438002,92.07486174,bridge,10882,N1,xyz
883,219,NaN,21.37408789,92.0757427,link,10883,N1,xyz
884,1.3,C,21.37379576,92.07662366,bridge,10884,N1,xyz
885,217,NaN,21.3731063,92.07725838,link,10885,N1,xyz
886,1.3,C,21.37241685,92.0778931,bridge,10886,N1,xyz
887,224,NaN,21.37155356,92.07848019,link,10887,N1,xyz
888,1.3,A,21.37069027,92.07906728,bridge,10888,N1,xyz
889,118,NaN,21.37021695,92.07935538,link,10889,N1,xyz
890,1.3,A,21.36974364,92.07964348,bridge,10890,N1,xyz
891,148,NaN,21.36919443,92.07984749,link,10891,N1,xyz
892,1.3,A,21.36864522,92.0800515,bridge,10892,N1,xyz
893,143,NaN,21.36812223,92.08026009,link,10893,N1,xyz
894,1.3,B,21.36759924,92.08046867,bridge,10894,N1,xyz
895,333,NaN,21.36626302,92.0809152,link,10895,N1,xyz
896,7.1,C,21.3649268,92.08136173,bridge,10896,N1,xyz
897,96,NaN,21.36451351,92.08134667,link,10897,N1,xyz
898,1.3,B,21.36410023,92.08133161,bridge,10898,N1,xyz
899,329,NaN,21.36270033,92.08093785,link,10899,N1,xyz
900,1.6,B,21.36130043,92.08054409,bridge,10900,N1,xyz
901,104,NaN,21.36088531,92.08034835,link,10901,N1,xyz
902,2.5,A,21.3604702,92.08015261,bridge,10902,N1,xyz
903,93,NaN,21.36009899,92.07997757,link,10903,N1,xyz
904,1.3,A,21.35972779,92.07980254,bridge,10904,N1,xyz
905,123,NaN,21.35923684,92.07957103,link,10905,N1,xyz
906,2.2,C,21.35874588,92.07933953,bridge,10906,N1,xyz
907,296,NaN,21.35750059,92.07921112,link,10907,N1,xyz
908,4,A,21.3562553,92.0790827,bridge,10908,N1,xyz
909,726,NaN,21.35314025,92.0787585,link,10909,N1,xyz
910,21.5,A,21.3500252,92.07843429,bridge,10910,N1,xyz
911,543,NaN,21.3476787,92.07870232,link,10911,N1,xyz
912,11.3,C,21.34533221,92.07897034,bridge,10912,N1,xyz
913,374,NaN,21.34371076,92.07891211,link,10913,N1,xyz
914,14.1,A,21.34208932,92.07885388,bridge,10914,N1,xyz
915,647,NaN,21.33932296,92.07890879,link,10915,N1,xyz
916,2.3,B,21.33655661,92.0789637,bridge,10916,N1,xyz
917,312,NaN,21.33519784,92.07900328,link,10917,N1,xyz
918,24.1,C,21.33383908,92.07904286,bridge,10918,N1,xyz
919,956,NaN,21.33037839,92.08050687,link,10919,N1,xyz
920,45.6,C,21.3269177,92.08197087,bridge,10920,N1,xyz
921,548,NaN,21.32535231,92.08385693,link,10921,N1,xyz
922,5,C,21.32378693,92.08574298,bridge,10922,N1,xyz
923,447,NaN,21.32244785,92.08731331,link,10923,N1,xyz
924,11.2,D,21.32110878,92.08888364,bridge,10924,N1,xyz
925,88,NaN,21.32084596,92.0891902,link,10925,N1,xyz
926,1.3,B,21.32058313,92.08949676,bridge,10926,N1,xyz
927,727,NaN,21.3183964,92.09172802,link,10927,N1,xyz
928,49.3,C,21.31620967,92.09395927,bridge,10928,N1,xyz
929,1046,NaN,21.31221825,92.09561205,link,10929,N1,xyz
930,2.4,B,21.30822684,92.09726483,bridge,10930,N1,xyz
931,575,NaN,21.30587168,92.09705679,link,10931,N1,xyz
932,2.3,C,21.30351652,92.09684875,bridge,10932,N1,xyz
933,433,NaN,21.30163094,92.097163,link,10933,N1,xyz
934,61.3,D,21.29974536,92.09747726,bridge,10934,N1,xyz
935,1292,NaN,21.29426008,92.09871611,link,10935,N1,xyz
936,14.1,A,21.2887748,92.09995497,bridge,10936,N1,xyz
937,138,NaN,21.28816243,92.10000868,link,10937,N1,xyz
938,11,B,21.28755005,92.10006239,bridge,10938,N1,xyz
939,433,NaN,21.28564414,92.10030851,link,10939,N1,xyz
940,10.3,A,21.28373823,92.10055463,bridge,10940,N1,xyz
941,1172,NaN,21.27887201,92.10248849,link,10941,N1,xyz
942,14,A,21.27400579,92.10442234,bridge,10942,N1,xyz
943,14,NaN,21.27394898,92.10445046,link,10943,N1,xyz
944,23.5,A,21.27389217,92.10447857,bridge,10944,N1,xyz
945,281,NaN,21.27275191,92.10504283,link,10945,N1,xyz
946,23.5,A,21.27161164,92.10560708,bridge,10946,N1,xyz
947,603,NaN,21.26962646,92.10738004,link,10947,N1,xyz
948,11.1,C,21.26764127,92.10915299,bridge,10948,N1,xyz
949,94,NaN,21.26738741,92.10951252,link,10949,N1,xyz
950,50.6,C,21.26713354,92.10987205,bridge,10950,N1,xyz
951,287,NaN,21.26635845,92.11096976,link,10951,N1,xyz
952,11.5,C,21.26558335,92.11206748,bridge,10952,N1,xyz
953,954,NaN,21.26281536,92.11552678,link,10953,N1,xyz
954,6.6,C,21.26004737,92.11898609,bridge,10954,N1,xyz
955,241,NaN,21.2593358,92.11985204,link,10955,N1,xyz
956,2.4,A,21.25862422,92.12071798,bridge,10956,N1,xyz
957,249,NaN,21.25783966,92.12156724,link,10957,N1,xyz
958,17,A,21.2570551,92.1224165,bridge,10958,N1,xyz
959,299,NaN,21.25613077,92.12340186,link,10959,N1,xyz
960,2.4,A,21.25520644,92.12438721,bridge,10960,N1,xyz
961,274,NaN,21.25450462,92.12549215,link,10961,N1,xyz
962,11.1,C,21.2538028,92.12659709,bridge,10962,N1,xyz
963,448,NaN,21.25212825,92.1286732,link,10963,N1,xyz
964,8.5,C,21.2504537,92.1307493,bridge,10964,N1,xyz
965,546,NaN,21.24970909,92.1317952,link,10965,N1,xyz
966,2.4,C,21.24896449,92.13284109,bridge,10966,N1,xyz
967,450,NaN,21.24734537,92.13507265,link,10967,N1,xyz
968,20.7,B,21.24572626,92.13730421,bridge,10968,N1,xyz
969,3575,NaN,21.23830237,92.14903068,link,10969,N1,xyz
970,2,A,21.23087848,92.16075715,bridge,10970,N1,xyz
971,198,NaN,21.23009701,92.16105665,link,10971,N1,xyz
972,11.3,C,21.22931553,92.16135615,bridge,10972,N1,xyz
973,923,NaN,21.22541775,92.1615297,link,10973,N1,xyz
974,2.2,B,21.22151998,92.16170326,bridge,10974,N1,xyz
975,304,NaN,21.22024003,92.16189051,link,10975,N1,xyz
976,10.9,C,21.21896008,92.16207776,bridge,10976,N1,xyz
977,195,NaN,21.21816807,92.16228087,link,10977,N1,xyz
978,2.1,C,21.21737605,92.16248399,bridge,10978,N1,xyz
979,230,NaN,21.21669382,92.16307407,link,10979,N1,xyz
980,2,A,21.21601159,92.16366416,bridge,10980,N1,xyz
981,241,NaN,21.21547377,92.16460768,link,10981,N1,xyz
982,1.8,A,21.21493596,92.1655512,bridge,10982,N1,xyz
983,99,NaN,21.21468341,92.16597897,link,10983,N1,xyz
984,2.2,A,21.21443086,92.16640674,bridge,10984,N1,xyz
985,1056,NaN,21.21036779,92.16821238,link,10985,N1,xyz
986,6.4,A,21.20630473,92.17001802,bridge,10986,N1,xyz
987,240,NaN,21.20532286,92.17018737,link,10987,N1,xyz
988,2.2,A,21.20434099,92.17035673,bridge,10988,N1,xyz
989,278,NaN,21.20315408,92.1703787,link,10989,N1,xyz
990,3.1,A,21.20196717,92.17040067,bridge,10990,N1,xyz
991,483,NaN,21.1997998,92.17048897,link,10991,N1,xyz
992,39.3,A,21.19763242,92.17057726,bridge,10992,N1,xyz
993,297,NaN,21.19647397,92.17054237,link,10993,N1,xyz
994,3,A,21.19531553,92.17050747,bridge,10994,N1,xyz
995,612,NaN,21.19304431,92.16928889,link,10995,N1,xyz
996,9.4,A,21.1907731,92.16807032,bridge,10996,N1,xyz
997,324,NaN,21.18983252,92.16697384,link,10997,N1,xyz
998,15.4,D,21.18889194,92.16587736,bridge,10998,N1,xyz
999,941,NaN,21.18643318,92.16259,link,10999,N1,xyz
1000,1.2,A,21.18397443,92.15930264,bridge,11000,N1,xyz
1001,529,NaN,21.18184057,92.15856685,link,11001,N1,xyz
1002,3.1,C,21.17970671,92.15783106,bridge,11002,N1,xyz
1003,276,NaN,21.17856193,92.15743413,link,11003,N1,xyz
1004,3.1,B,21.17741716,92.15703721,bridge,11004,N1,xyz
1005,242,NaN,21.17641898,92.15664491,link,11005,N1,xyz
1006,48.8,C,21.17542081,92.15625261,bridge,11006,N1,xyz
1007,352,NaN,21.17395181,92.15577332,link,11007,N1,xyz
1008,9.4,A,21.17248281,92.15529403,bridge,11008,N1,xyz
1009,250,NaN,21.17142758,92.1550164,link,11009,N1,xyz
1010,21.5,A,21.17037235,92.15473878,bridge,11010,N1,xyz
1011,213,NaN,21.16959686,92.15420059,link,11011,N1,xyz
1012,9.4,B,21.16882136,92.1536624,bridge,11012,N1,xyz
1013,87,NaN,21.16852715,92.15340419,link,11013,N1,xyz
1014,3,A,21.16823293,92.15314598,bridge,11014,N1,xyz
1015,226,NaN,21.16744914,92.15274182,link,11015,N1,xyz
1016,9.3,B,21.16666535,92.15233765,bridge,11016,N1,xyz
1017,131,NaN,21.16611895,92.15227293,link,11017,N1,xyz
1018,3,C,21.16557256,92.1522082,bridge,11018,N1,xyz
1019,69,NaN,21.16528018,92.15219914,link,11019,N1,xyz
1020,4.6,A,21.16498781,92.15219007,bridge,11020,N1,xyz
1021,346,NaN,21.16348178,92.15226077,link,11021,N1,xyz
1022,1.25,C,21.16197574,92.15233147,bridge,11022,N1,xyz
1023,204,NaN,21.16109012,92.15242859,link,11023,N1,xyz
1024,3,A,21.1602045,92.15252572,bridge,11024,N1,xyz
1025,202,NaN,21.15932899,92.15252264,link,11025,N1,xyz
1026,3,C,21.15845347,92.15251956,bridge,11026,N1,xyz
1027,723,NaN,21.15545838,92.15296708,link,11027,N1,xyz
1028,9.4,C,21.15246328,92.15341459,bridge,11028,N1,xyz
1029,366,NaN,21.15117696,92.1543151,link,11029,N1,xyz
1030,15.2,C,21.14989065,92.15521562,bridge,11030,N1,xyz
1031,337,NaN,21.14882916,92.15612912,link,11031,N1,xyz
1032,57.6,A,21.14776767,92.15704263,bridge,11032,N1,xyz
1033,658,NaN,21.14515696,92.15823592,link,11033,N1,xyz
1034,3.3,B,21.14254625,92.15942922,bridge,11034,N1,xyz
1035,228,NaN,21.14170551,92.15997572,link,11035,N1,xyz
1036,15.4,C,21.14086477,92.16052223,bridge,11036,N1,xyz
1037,134,NaN,21.14053761,92.16103766,link,11037,N1,xyz
1038,3.3,A,21.14021046,92.1615531,bridge,11038,N1,xyz
1039,271,NaN,21.13954882,92.1625955,link,11039,N1,xyz
1040,3.3,A,21.13888718,92.16363791,bridge,11040,N1,xyz
1041,196,NaN,21.13847684,92.16441785,link,11041,N1,xyz
1042,1.2,A,21.1380665,92.1651978,bridge,11042,N1,xyz
1043,124,NaN,21.13799379,92.16577561,link,11043,N1,xyz
1044,32,C,21.13792108,92.16635342,bridge,11044,N1,xyz
1045,182,NaN,21.13776677,92.16720606,link,11045,N1,xyz
1046,12.3,D,21.13761246,92.16805871,bridge,11046,N1,xyz
1047,206,NaN,21.13747375,92.16903496,link,11047,N1,xyz
1048,1.2,C,21.13733505,92.17001121,bridge,11048,N1,xyz
1049,484,NaN,21.13697379,92.172257,link,11049,N1,xyz
1050,15.2,B,21.13661254,92.17450278,bridge,11050,N1,xyz
1051,188,NaN,21.13632692,92.17527989,link,11051,N1,xyz
1052,4.8,A,21.1360413,92.17605699,bridge,11052,N1,xyz
1053,260,NaN,21.13547811,92.17699748,link,11053,N1,xyz
1054,1.3,C,21.13491492,92.17793796,bridge,11054,N1,xyz
1055,167,NaN,21.13457686,92.17854834,link,11055,N1,xyz
1056,3.3,A,21.1342388,92.17915872,bridge,11056,N1,xyz
1057,673,NaN,21.13306784,92.18192523,link,11057,N1,xyz
1058,4.7,B,21.13189689,92.18469174,bridge,11058,N1,xyz
1059,326,NaN,21.1309353,92.18575379,link,11059,N1,xyz
1060,1.2,C,21.12997372,92.18681585,bridge,11060,N1,xyz
1061,34,NaN,21.12987091,92.18693143,link,11061,N1,xyz
1062,7.9,B,21.1297681,92.187047,bridge,11062,N1,xyz
1063,126,NaN,21.12938709,92.18747531,link,11063,N1,xyz
1064,1.2,A,21.12900608,92.18790361,bridge,11064,N1,xyz
1065,113,NaN,21.12866438,92.18828773,link,11065,N1,xyz
1066,1.2,A,21.12832269,92.18867184,bridge,11066,N1,xyz
1067,77,NaN,21.12808985,92.18893358,link,11067,N1,xyz
1068,1.2,B,21.12785701,92.18919533,bridge,11068,N1,xyz
1069,391,NaN,21.12648035,92.1902814,link,11069,N1,xyz
1070,6.4,A,21.12510369,92.19136747,bridge,11070,N1,xyz
1071,182,NaN,21.12443209,92.19176318,link,11071,N1,xyz
1072,3.35,A,21.12376049,92.19215889,bridge,11072,N1,xyz
1073,114,NaN,21.12333565,92.19244062,link,11073,N1,xyz
1074,13,C,21.12291081,92.19272235,bridge,11074,N1,xyz
1075,51,NaN,21.12272276,92.19284145,link,11075,N1,xyz
1076,3.2,A,21.12253472,92.19296056,bridge,11076,N1,xyz
1077,126,NaN,21.1220523,92.19323876,link,11077,N1,xyz
1078,72.6,B,21.12156989,92.19351697,bridge,11078,N1,xyz
1079,483,NaN,21.12001542,92.1949046,link,11079,N1,xyz
1080,3.4,A,21.11846094,92.19629223,bridge,11080,N1,xyz
1081,312,NaN,21.11721764,92.19668336,link,11081,N1,xyz
1082,2.8,A,21.11597435,92.19707449,bridge,11082,N1,xyz
1083,191,NaN,21.1152662,92.19754766,link,11083,N1,xyz
1084,12.8,B,21.11455805,92.19802083,bridge,11084,N1,xyz
1085,410,NaN,21.11322553,92.19930682,link,11085,N1,xyz
1086,1.2,A,21.11189301,92.2005928,bridge,11086,N1,xyz
1087,124,NaN,21.11135158,92.20134425,link,11087,N1,xyz
1088,1.2,A,21.11081015,92.20209569,bridge,11088,N1,xyz
1089,104,NaN,21.11034702,92.20273767,link,11089,N1,xyz
1090,1.2,A,21.10988389,92.20337965,bridge,11090,N1,xyz
1091,193,NaN,21.10932762,92.20410876,link,11091,N1,xyz
1092,2.8,A,21.10877134,92.20483787,bridge,11092,N1,xyz
1093,160,NaN,21.10854394,92.20508593,link,11093,N1,xyz
1094,2.8,A,21.10831653,92.20533398,bridge,11094,N1,xyz
1095,215,NaN,21.10807492,92.20572064,link,11095,N1,xyz
1096,1.2,A,21.1078333,92.2061073,bridge,11096,N1,xyz
1097,295,NaN,21.10656387,92.20675273,link,11097,N1,xyz
1098,1.2,C,21.10529443,92.20739816,bridge,11098,N1,xyz
1099,396,NaN,21.103662,92.20766881,link,11099,N1,xyz
1100,34.2,A,21.10202957,92.20793946,bridge,11100,N1,xyz
1101,189,NaN,21.10130349,92.20825875,link,11101,N1,xyz
1102,3,A,21.10057741,92.20857805,bridge,11102,N1,xyz
1103,231,NaN,21.09972422,92.20911798,link,11103,N1,xyz
1104,1.2,A,21.09887103,92.20965792,bridge,11104,N1,xyz
1105,479,NaN,21.09695115,92.21055901,link,11105,N1,xyz
1106,2.7,A,21.09503127,92.2114601,bridge,11106,N1,xyz
1107,69,NaN,21.09473824,92.21156818,link,11107,N1,xyz
1108,2.7,A,21.09444522,92.21167626,bridge,11108,N1,xyz
1109,244,NaN,21.09341397,92.21199371,link,11109,N1,xyz
1110,4.2,A,21.09238273,92.21231115,bridge,11110,N1,xyz
1111,221,NaN,21.09145438,92.21259787,link,11111,N1,xyz
1112,2.7,A,21.09052602,92.21288459,bridge,11112,N1,xyz
1113,209,NaN,21.08969653,92.21329008,link,11113,N1,xyz
1114,1.2,A,21.08886703,92.21369557,bridge,11114,N1,xyz
1115,245,NaN,21.08791309,92.21426597,link,11115,N1,xyz
1116,2.8,A,21.08695915,92.21483637,bridge,11116,N1,xyz
1117,59,NaN,21.08672942,92.21497374,link,11117,N1,xyz
1118,1.2,A,21.0864997,92.2151111,bridge,11118,N1,xyz
1119,254,NaN,21.0854561,92.21551547,link,11119,N1,xyz
1120,14,A,21.0844125,92.21591985,bridge,11120,N1,xyz
1121,263,NaN,21.08332722,92.21626053,link,11121,N1,xyz
1122,1.2,A,21.08224195,92.21660122,bridge,11122,N1,xyz
1123,224,NaN,21.08134247,92.21700264,link,11123,N1,xyz
1124,1,A,21.08044299,92.21740407,bridge,11124,N1,xyz
1125,161,NaN,21.07983367,92.21776368,link,11125,N1,xyz
1126,1,A,21.07922435,92.2181233,bridge,11126,N1,xyz
1127,298,NaN,21.07825346,92.21902668,link,11127,N1,xyz
1128,3,A,21.07728257,92.21993007,bridge,11128,N1,xyz
1129,246,NaN,21.07649986,92.22068273,link,11129,N1,xyz
1130,6.1,C,21.07571716,92.2214354,bridge,11130,N1,xyz
1131,203,NaN,21.07494747,92.22184217,link,11131,N1,xyz
1132,5.8,A,21.07417778,92.22224894,bridge,11132,N1,xyz
1133,258,NaN,21.07333537,92.22288088,link,11133,N1,xyz
1134,1.3,A,21.07249295,92.22351281,bridge,11134,N1,xyz
1135,182,NaN,21.07186241,92.22390259,link,11135,N1,xyz
1136,5.8,B,21.07123188,92.22429237,bridge,11136,N1,xyz
1137,207,NaN,21.0703841,92.22443057,link,11137,N1,xyz
1138,7.5,C,21.06953633,92.22456877,bridge,11138,N1,xyz
1139,528,NaN,21.06728809,92.22455166,link,11139,N1,xyz
1140,1.2,A,21.06503985,92.22453455,bridge,11140,N1,xyz
1141,640,NaN,21.06245676,92.22545838,link,11141,N1,xyz
1142,30.9,B,21.05987366,92.22638221,bridge,11142,N1,xyz
1143,212,NaN,21.05893171,92.22644563,link,11143,N1,xyz
1144,1.2,C,21.05798976,92.22650905,bridge,11144,N1,xyz
1145,189,NaN,21.05714206,92.22657716,link,11145,N1,xyz
1146,9.4,B,21.05629435,92.22664528,bridge,11146,N1,xyz
1147,274,NaN,21.05529056,92.22705199,link,11147,N1,xyz
1148,11.8,B,21.05428676,92.2274587,bridge,11148,N1,xyz
1149,421,NaN,21.05311371,92.2285776,link,11149,N1,xyz
1150,2.8,C,21.05194066,92.2296965,bridge,11150,N1,xyz
1151,477,NaN,21.05139463,92.23160482,link,11151,N1,xyz
1152,1.2,C,21.05084861,92.23351314,bridge,11152,N1,xyz
1153,545,NaN,21.04865423,92.23431689,link,11153,N1,xyz
1154,31.7,C,21.04645985,92.23512064,bridge,11154,N1,xyz
1155,501,NaN,21.04436252,92.23593792,link,11155,N1,xyz
1156,1.2,C,21.0422652,92.23675521,bridge,11156,N1,xyz
1157,228,NaN,21.04135303,92.23720466,link,11157,N1,xyz
1158,1.2,C,21.04044085,92.23765412,bridge,11158,N1,xyz
1159,344,NaN,21.03904291,92.23835308,link,11159,N1,xyz
1160,6.2,A,21.03764496,92.23905203,bridge,11160,N1,xyz
1161,449,NaN,21.0358379,92.2398792,link,11161,N1,xyz
1162,32.1,B,21.03403085,92.24070637,bridge,11162,N1,xyz
1163,696,NaN,21.03099266,92.2411461,link,11163,N1,xyz
1164,4.4,A,21.02795447,92.24158582,bridge,11164,N1,xyz
1165,253,NaN,21.02680717,92.241695,link,11165,N1,xyz
1166,2.9,A,21.02565987,92.24180417,bridge,11166,N1,xyz
1167,689,NaN,21.02273431,92.2423091,link,11167,N1,xyz
1168,2.8,A,21.01980875,92.24281403,bridge,11168,N1,xyz
1169,308,NaN,21.01857525,92.24332625,link,11169,N1,xyz
1170,2.8,A,21.01734176,92.24383848,bridge,11170,N1,xyz
1171,187,NaN,21.0166354,92.24429759,link,11171,N1,xyz
1172,1.9,A,21.01592903,92.2447567,bridge,11172,N1,xyz
1173,863,NaN,21.01284884,92.24714721,link,11173,N1,xyz
1174,45.6,B,21.00976865,92.24953772,bridge,11174,N1,xyz
1175,540,NaN,21.00779697,92.25090878,link,11175,N1,xyz
1176,2.8,B,21.0058253,92.25227984,bridge,11176,N1,xyz
1177,751,NaN,21.0026156,92.25300063,link,11177,N1,xyz
1178,12.5,C,20.9994059,92.25372143,bridge,11178,N1,xyz
1179,1163,NaN,20.99438208,92.25414633,link,11179,N1,xyz
1180,29.9,C,20.98935826,92.25457123,bridge,11180,N1,xyz
1181,957,NaN,20.98534499,92.25334236,link,11181,N1,xyz
1182,1.2,C,20.98133172,92.25211348,bridge,11182,N1,xyz
1183,275,NaN,20.98017985,92.25166816,link,11183,N1,xyz
1184,36.6,A,20.97902798,92.25122285,bridge,11184,N1,xyz
1185,374,NaN,20.9774826,92.25060636,link,11185,N1,xyz
1186,2.8,A,20.97593722,92.24998987,bridge,11186,N1,xyz
1187,317,NaN,20.9746077,92.24968299,link,11187,N1,xyz
1188,30.4,B,20.97327818,92.24937612,bridge,11188,N1,xyz
1189,492,NaN,20.97121763,92.24901451,link,11189,N1,xyz
1190,1.2,A,20.96915708,92.2486529,bridge,11190,N1,xyz
1191,161,NaN,20.96850525,92.2488125,link,11191,N1,xyz
1192,8.8,B,20.96785342,92.24897209,bridge,11192,N1,xyz
1193,337,NaN,20.96671101,92.24992224,link,11193,N1,xyz
1194,1.2,A,20.96556859,92.25087239,bridge,11194,N1,xyz
1195,90,NaN,20.96526824,92.25115063,link,11195,N1,xyz
1196,1.2,A,20.96496789,92.25142887,bridge,11196,N1,xyz
1197,100,NaN,20.96457859,92.25165532,link,11197,N1,xyz
1198,1.2,A,20.96418928,92.25188177,bridge,11198,N1,xyz
1199,345,NaN,20.96280621,92.25256788,link,11199,N1,xyz
1200,9.2,A,20.96142314,92.25325399,bridge,11200,N1,xyz
1201,175,NaN,20.96068407,92.25348637,link,11201,N1,xyz
1202,41.75,B,20.959945,92.25371874,bridge,11202,N1,xyz
1203,338,NaN,20.9585225,92.2541857,link,11203,N1,xyz
1204,1.2,A,20.95710001,92.25465266,bridge,11204,N1,xyz
1205,261,NaN,20.95601943,92.25509196,link,11205,N1,xyz
1206,7.5,A,20.95493884,92.25553125,bridge,11206,N1,xyz
1207,746,NaN,20.95204199,92.25697607,link,11207,N1,xyz
1208,35.5,A,20.94914513,92.25842089,bridge,11208,N1,xyz
1209,153,NaN,20.94864941,92.25884211,link,11209,N1,xyz
1210,1.5,A,20.94815369,92.25926333,bridge,11210,N1,xyz
1211,160,NaN,20.94762424,92.25952582,link,11211,N1,xyz
1212,2.7,A,20.94709479,92.25978831,bridge,11212,N1,xyz
1213,184,NaN,20.94647279,92.2600608,link,11213,N1,xyz
1214,1.2,A,20.94585079,92.2603333,bridge,11214,N1,xyz
1215,385,NaN,20.94431966,92.26046506,link,11215,N1,xyz
1216,38.6,C,20.94278852,92.26059681,bridge,11216,N1,xyz
1217,656,NaN,20.94004689,92.26148589,link,11217,N1,xyz
1218,51,B,20.93730526,92.26237497,bridge,11218,N1,xyz
1219,577,NaN,20.93486565,92.26299419,link,11219,N1,xyz
1220,13.5,A,20.93242603,92.2636134,bridge,11220,N1,xyz
1221,63,NaN,20.9321509,92.26366301,link,11221,N1,xyz
1222,13.5,A,20.93187577,92.26371263,bridge,11222,N1,xyz
1223,169,NaN,20.93113773,92.26384571,link,11223,N1,xyz
1224,2.7,A,20.93039968,92.2639788,bridge,11224,N1,xyz
1225,257,NaN,20.92926853,92.26414,link,11225,N1,xyz
1226,34.8,C,20.92813739,92.2643012,bridge,11226,N1,xyz
1227,322,NaN,20.92676321,92.26462318,link,11227,N1,xyz
1228,2.7,D,20.92538903,92.26494516,bridge,11228,N1,xyz
1229,578,NaN,20.92315834,92.26619898,link,11229,N1,xyz
1230,37.6,B,20.92092765,92.26745281,bridge,11230,N1,xyz
1231,269,NaN,20.91990792,92.26808023,link,11231,N1,xyz
1232,1.2,A,20.9188882,92.26870765,bridge,11232,N1,xyz
1233,111,NaN,20.91844217,92.26890427,link,11233,N1,xyz
1234,6,A,20.91799614,92.26910089,bridge,11234,N1,xyz
1235,168,NaN,20.91735132,92.26947902,link,11235,N1,xyz
1236,6,A,20.9167065,92.26985714,bridge,11236,N1,xyz
1237,175,NaN,20.91603861,92.27029056,link,11237,N1,xyz
1238,1.2,B,20.91537072,92.27072397,bridge,11238,N1,xyz
1239,96,NaN,20.9150029,92.27096534,link,11239,N1,xyz
1240,2.8,A,20.91463508,92.2712067,bridge,11240,N1,xyz
1241,293,NaN,20.91365512,92.27196391,link,11241,N1,xyz
1242,33.7,A,20.91267516,92.27272112,bridge,11242,N1,xyz
1243,144,NaN,20.91214973,92.27303176,link,11243,N1,xyz
1244,1.3,A,20.9116243,92.2733424,bridge,11244,N1,xyz
1245,160,NaN,20.9110264,92.273741,link,11245,N1,xyz
1246,29.3,A,20.9104285,92.2741396,bridge,11246,N1,xyz
1247,81,NaN,20.91012581,92.27434139,link,11247,N1,xyz
1248,10.6,A,20.90982312,92.27454319,bridge,11248,N1,xyz
1249,49,NaN,20.90964001,92.27466526,link,11249,N1,xyz
1250,10.6,A,20.90945691,92.27478733,bridge,11250,N1,xyz
1251,192,NaN,20.90874452,92.27523896,link,11251,N1,xyz
1252,30,A,20.90803213,92.27569059,bridge,11252,N1,xyz
1253,77,NaN,20.90774005,92.27587482,link,11253,N1,xyz
1254,2.8,A,20.90744796,92.27605905,bridge,11254,N1,xyz
1255,210,NaN,20.90671256,92.27657231,link,11255,N1,xyz
1256,2.8,A,20.90597715,92.27708556,bridge,11256,N1,xyz
1257,89,NaN,20.90564114,92.27732973,link,11257,N1,xyz
1258,2.8,A,20.90530514,92.2775739,bridge,11258,N1,xyz
1259,100,NaN,20.9049385,92.27782537,link,11259,N1,xyz
1260,17.5,A,20.90457186,92.27807684,bridge,11260,N1,xyz
1261,123,NaN,20.90413156,92.27838504,link,11261,N1,xyz
1262,8.3,A,20.90369126,92.27869323,bridge,11262,N1,xyz
1263,72,NaN,20.90344702,92.27886895,link,11263,N1,xyz
1264,6.1,A,20.90320277,92.27904466,bridge,11264,N1,xyz
1265,190,NaN,20.90254385,92.27945912,link,11265,N1,xyz
1266,23,A,20.90188493,92.27987359,bridge,11266,N1,xyz
1267,816,NaN,20.89949189,92.28246718,link,11267,N1,xyz
1268,15.1,A,20.89709885,92.28506077,bridge,11268,N1,xyz
1269,386,NaN,20.89609423,92.28650657,link,11269,N1,xyz
1270,9,A,20.89508961,92.28795238,bridge,11270,N1,xyz
1271,462,NaN,20.89368036,92.28946821,link,11271,N1,xyz
1272,9,A,20.89227111,92.29098403,bridge,11272,N1,xyz
1273,586,NaN,20.89121478,92.29335106,link,11273,N1,xyz
1274,37.3,B,20.89015845,92.29571808,bridge,11274,N1,xyz
1275,882,NaN,20.88736259,92.29721698,link,11275,N1,xyz
1276,1.5,A,20.88456672,92.29871589,bridge,11276,N1,xyz
1277,185,NaN,20.88381859,92.29843942,link,11277,N1,xyz
1278,1.5,C,20.88307045,92.29816296,bridge,11278,N1,xyz
1279,247,NaN,20.88202784,92.29797018,link,11279,N1,xyz
1280,35.9,C,20.88098522,92.2977774,bridge,11280,N1,xyz
1281,2388,NaN,20.87195096,92.2979302,link,11281,N1,xyz
1282,4,,20.8629167,92.298083,sink,11282,N1,Teknaf